id,prediction
0,0.3308
1,0.8640
2,0.5087
3,0.7964
4,0.3980
5,0.9505
6,0.9517
7,0.5545
8,0.9953
9,0.8885
10,0.7773
11,0.9944
12,0.4852
13,0.7399
14,0.9805
15,0.9826
16,0.4323
17,0.6713
18,0.9940
19,0.7416
20,0.4468
21,0.9974
22,0.5116
23,0.1743
24,0.9450
25,0.9938
26,0.0867
27,0.9896
28,0.3030
29,0.9960
30,0.8636
31,0.7796
32,0.1054
33,0.3298
34,0.8340
35,0.8828
36,0.5894
37,0.4884
38,0.9827
39,0.7844
40,0.9953
41,0.1046
42,0.8861
43,0.9928
44,0.9482
45,0.1819
46,0.1277
47,0.9717
48,0.9804
49,0.9986
50,0.3278
51,0.9955
52,0.4462
53,0.9267
54,0.9828
55,0.9901
56,0.9835
57,0.6074
58,0.8396
59,0.9790
60,0.9732
61,0.4525
62,0.7443
63,0.1336
64,0.3323
65,0.6788
66,0.9788
67,0.1049
68,0.9878
69,0.9768
70,0.9886
71,0.4682
72,0.9801
73,0.8644
74,0.0604
75,0.9765
76,0.8462
77,0.8337
78,0.2484
79,0.8692
80,0.9958
81,0.9845
82,0.9916
83,0.4182
84,0.9540
85,0.9907
86,0.1527
87,0.9632
88,0.1563
89,0.9765
90,0.9934
91,0.8788
92,0.9930
93,0.9587
94,0.7209
95,0.9975
96,0.9882
97,0.3304
98,0.9923
99,0.8277
100,0.9880
101,0.6653
102,0.8744
103,0.2207
104,0.9939
105,0.6001
106,0.0210
107,0.9927
108,0.9990
109,0.7547
110,0.5033
111,0.6103
112,0.9852
113,0.9971
114,0.4746
115,0.4441
116,0.9752
117,0.9934
118,0.5214
119,0.9762
120,0.1680
121,0.9754
122,0.2381
123,0.4007
124,0.4079
125,0.8364
126,0.2327
127,0.1704
128,0.5865
129,0.9969
130,0.4703
131,0.9981
132,0.4471
133,0.6436
134,0.2226
135,0.9825
136,0.8511
137,0.2363
138,0.9174
139,0.9663
140,0.0454
141,0.3653
142,0.9952
143,0.2374
144,0.8579
145,0.7345
146,0.9038
147,0.9995
148,0.5840
149,0.9925
150,0.9494
151,0.4996
152,0.9919
153,0.0968
154,0.9299
155,0.9605
156,0.5562
157,0.7763
158,0.9951
159,0.9413
160,0.4657
161,0.1061
162,0.5936
163,0.9032
164,0.1122
165,0.9910
166,0.2140
167,0.1568
168,0.0585
169,0.8926
170,0.8410
171,0.9972
172,0.4087
173,0.7249
174,0.9598
175,0.5286
176,0.9988
177,0.6793
178,0.8676
179,0.9879
180,0.5702
181,0.0816
182,0.8779
183,0.3293
184,0.9883
185,0.9849
186,0.9952
187,0.0241
188,0.8697
189,0.9969
190,0.5174
191,0.7501
192,0.4326
193,0.9808
194,0.5902
195,0.9756
196,0.9769
197,0.1392
198,0.7883
199,0.6405
200,0.9914
201,0.5129
202,0.0460
203,0.8898
204,0.5964
205,0.4205
206,0.9963
207,0.9867
208,0.9908
209,0.0779
210,0.9777
211,0.8346
212,0.8789
213,0.1451
214,0.9997
215,0.4716
216,0.9983
217,0.9529
218,0.7941
219,0.2473
220,0.7926
221,0.7661
222,0.4008
223,0.9628
224,0.6065
225,0.0544
226,0.0389
227,0.9935
228,0.9920
229,0.3530
230,0.9746
231,0.3657
232,0.7681
233,0.9732
234,0.1734
235,0.9903
236,0.9653
237,0.7064
238,0.9977
239,0.9997
240,0.9849
241,0.6970
242,0.9729
243,0.0461
244,0.9580
245,0.1921
246,0.8622
247,0.1374
248,0.2610
249,0.6355
250,0.1240
251,0.1237
252,0.4862
253,0.2959
254,0.9995
255,0.9852
256,0.9977
257,0.8680
258,0.9236
259,0.9841
260,0.2828
261,0.9877
262,0.5277
263,0.9944
264,0.9971
265,0.7769
266,0.9968
267,0.1928
268,0.9960
269,0.9943
270,0.9962
271,0.9889
272,0.9934
273,0.6657
274,0.9986
275,0.2121
276,0.4271
277,0.9701
278,0.9763
279,0.9796
280,0.9841
281,0.3388
282,0.8835
283,0.2355
284,0.9850
285,0.5224
286,0.1126
287,0.9984
288,0.2511
289,0.3877
290,0.9924
291,0.9894
292,0.9897
293,0.9539
294,0.2975
295,0.8465
296,0.9569
297,0.7761
298,0.9957
299,0.3011
300,0.9829
301,0.2101
302,0.0533
303,0.1409
304,0.9637
305,0.9848
306,0.8190
307,0.3259
308,0.3754
309,0.0841
310,0.7003
311,0.9628
312,0.9982
313,0.2434
314,0.9626
315,0.6650
316,0.0889
317,0.3138
318,0.9961
319,0.9853
320,0.7438
321,0.8263
322,0.3406
323,0.9963
324,0.5149
325,0.9968
326,0.1783
327,0.5072
328,0.1666
329,0.9913
330,0.9707
331,0.0377
332,0.9562
333,0.9889
334,0.9932
335,0.9971
336,0.9973
337,0.0567
338,0.9890
339,0.3612
340,0.9919
341,0.9463
342,0.9965
343,0.9974
344,0.2486
345,0.9975
346,0.9903
347,0.9863
348,0.9944
349,0.5830
350,0.9903
351,0.2089
352,0.9936
353,0.0688
354,0.1954
355,0.5357
356,0.6570
357,0.1493
358,0.0751
359,0.9819
360,0.7855
361,0.9706
362,0.5881
363,0.9433
364,0.9837
365,0.9805
366,0.6209
367,0.9836
368,0.0298
369,0.3798
370,0.9966
371,0.4724
372,0.7804
373,0.8044
374,0.9892
375,0.9664
376,0.5337
377,0.9944
378,0.9740
379,0.8408
380,0.9802
381,0.1520
382,0.3692
383,0.9971
384,0.3084
385,0.9910
386,0.9962
387,0.1251
388,0.2378
389,0.9685
390,0.9986
391,0.2034
392,0.7643
393,0.5104
394,0.9915
395,0.9847
396,0.7832
397,0.9971
398,0.2481
399,0.9588
400,0.8563
401,0.3571
402,0.9841
403,0.8105
404,0.9917
405,0.9732
406,0.9953
407,0.9307
408,0.3273
409,0.9893
410,0.9964
411,0.9584
412,0.6463
413,0.9337
414,0.5257
415,0.2163
416,0.5139
417,0.6251
418,0.6704
419,0.9814
420,0.0539
421,0.7942
422,0.2815
423,0.8765
424,0.3958
425,0.5711
426,0.1317
427,0.9682
428,0.1961
429,0.1521
430,0.9841
431,0.9881
432,0.9977
433,0.5944
434,0.8516
435,0.1586
436,0.9979
437,0.5803
438,0.3344
439,0.6431
440,0.9888
441,0.9745
442,0.2926
443,0.9140
444,0.8225
445,0.9915
446,0.9604
447,0.7162
448,0.9293
449,0.8756
450,0.3983
451,0.0587
452,0.9889
453,0.5558
454,0.8280
455,0.9914
456,0.2170
457,0.9904
458,0.7504
459,0.9109
460,0.4748
461,0.9430
462,0.9580
463,0.9707
464,0.9816
465,0.8220
466,0.9760
467,0.9613
468,0.5841
469,0.9980
470,0.9771
471,0.1989
472,0.9856
473,0.9959
474,0.3937
475,0.9896
476,0.9982
477,0.7005
478,0.9416
479,0.9555
480,0.9748
481,0.1432
482,0.4457
483,0.9965
484,0.9937
485,0.6186
486,0.2700
487,0.9979
488,0.9588
489,0.9428
490,0.9923
491,0.2739
492,0.9944
493,0.9957
494,0.3474
495,0.9788
496,0.4974
497,0.9872
498,0.9967
499,0.2923
500,0.3808
501,0.3587
502,0.9214
503,0.9481
504,0.9962
505,0.5639
506,0.9675
507,0.9782
508,0.9729
509,0.9886
510,0.9920
511,0.5065
512,0.5209
513,0.1476
514,0.8835
515,0.9962
516,0.9940
517,0.9777
518,0.9890
519,0.8645
520,0.8809
521,0.9828
522,0.9426
523,0.7699
524,0.9998
525,0.9971
526,0.3874
527,0.4741
528,0.8725
529,0.4541
530,0.9787
531,0.9928
532,0.9625
533,0.7289
534,0.9137
535,0.9951
536,0.9975
537,0.2943
538,0.9609
539,0.9943
540,0.0813
541,0.9989
542,0.9733
543,0.7018
544,0.9861
545,0.4961
546,0.9944
547,0.1027
548,0.9909
549,0.3921
550,0.9795
551,0.9829
552,0.2283
553,0.3911
554,0.9826
555,0.6692
556,0.9978
557,0.9920
558,0.5643
559,0.1272
560,0.7079
561,0.9940
562,0.9234
563,0.9877
564,0.7776
565,0.9521
566,0.7434
567,0.2778
568,0.3005
569,0.8005
570,0.9855
571,0.3409
572,0.7589
573,0.6165
574,0.7574
575,0.9976
576,0.3071
577,0.0606
578,0.9985
579,0.6457
580,0.9964
581,0.6256
582,0.1264
583,0.9985
584,0.5820
585,0.9991
586,0.1538
587,0.9870
588,0.8251
589,0.9993
590,0.9983
591,0.9292
592,0.8582
593,0.9828
594,0.9963
595,0.9498
596,0.4685
597,0.3263
598,0.2821
599,0.2947
600,0.9891
601,0.9972
602,0.0982
603,0.2706
604,0.1907
605,0.9014
606,0.5909
607,0.7356
608,0.3341
609,0.7573
610,0.2343
611,0.4297
612,0.9760
613,0.7718
614,0.4422
615,0.9763
616,0.9910
617,0.9728
618,0.2778
619,0.8365
620,0.1740
621,0.2679
622,0.9614
623,0.1353
624,0.6293
625,0.9150
626,0.7779
627,0.9893
628,0.5330
629,0.9715
630,0.9898
631,0.8974
632,0.1748
633,0.9894
634,0.2577
635,0.9647
636,0.9853
637,0.3173
638,0.1190
639,0.5001
640,0.7732
641,0.9521
642,0.2522
643,0.9169
644,0.8565
645,0.9893
646,0.0956
647,0.0541
648,0.9940
649,0.9960
650,0.8266
651,0.9818
652,0.9990
653,0.2646
654,0.5710
655,0.7985
656,0.1172
657,0.9883
658,0.9823
659,0.5486
660,0.9968
661,0.2690
662,0.9784
663,0.6049
664,0.9919
665,0.9846
666,0.9943
667,0.4896
668,0.2780
669,0.9896
670,0.2481
671,0.9068
672,0.9824
673,0.9837
674,0.5719
675,0.5499
676,0.9741
677,0.4456
678,0.1707
679,0.9769
680,0.6271
681,0.9776
682,0.2084
683,0.4963
684,0.3380
685,0.9842
686,0.0330
687,0.9748
688,0.9422
689,0.9906
690,0.9958
691,0.2770
692,0.9593
693,0.9998
694,0.9986
695,0.9942
696,0.4468
697,0.9736
698,0.9966
699,0.9434
700,0.3241
701,0.4625
702,0.5916
703,0.3447
704,0.9831
705,0.2766
706,0.1201
707,0.7422
708,0.9842
709,0.6148
710,0.8849
711,0.9881
712,0.9218
713,0.0695
714,0.5502
715,0.5872
716,0.3609
717,0.4507
718,0.1128
719,0.1315
720,0.1230
721,0.9577
722,0.9765
723,0.0514
724,0.9949
725,0.0446
726,0.9967
727,0.9989
728,0.9784
729,0.3537
730,0.1477
731,0.9966
732,0.6740
733,0.9974
734,0.4114
735,0.9228
736,0.8450
737,0.0401
738,0.4733
739,0.9880
740,0.8569
741,0.9852
742,0.0299
743,0.9969
744,0.6075
745,0.6177
746,0.5562
747,0.9665
748,0.5133
749,0.9070
750,0.8432
751,0.9801
752,0.9729
753,0.9976
754,0.9904
755,0.1131
756,0.9904
757,0.5840
758,0.9960
759,0.9785
760,0.4079
761,0.9974
762,0.9548
763,0.9903
764,0.9053
765,0.9969
766,0.9908
767,0.9936
768,0.9972
769,0.8029
770,0.7473
771,0.8910
772,0.8448
773,0.9432
774,0.9740
775,0.9816
776,0.9027
777,0.9821
778,0.9701
779,0.2282
780,0.5656
781,0.3696
782,0.8539
783,0.0350
784,0.9767
785,0.0748
786,0.9908
787,0.9987
788,0.9136
789,0.3327
790,0.5910
791,0.7831
792,0.3290
793,0.2744
794,0.2112
795,0.9982
796,0.0954
797,0.9364
798,0.7215
799,0.5712
800,0.6577
801,0.3609
802,0.3482
803,0.7478
804,0.9897
805,0.0140
806,0.9406
807,0.9230
808,0.4449
809,0.8090
810,0.3315
811,0.2460
812,0.9958
813,0.9950
814,0.9988
815,0.9923
816,0.7001
817,0.9687
818,0.9750
819,0.9882
820,0.9904
821,0.3819
822,0.0847
823,0.5185
824,0.2467
825,0.9259
826,0.8454
827,0.6541
828,0.6538
829,0.2695
830,0.9388
831,0.9953
832,0.7332
833,0.9979
834,0.9129
835,0.9953
836,0.9939
837,0.3141
838,0.2621
839,0.5668
840,0.9870
841,0.9961
842,0.9794
843,0.9955
844,0.9914
845,0.9987
846,0.6525
847,0.9573
848,0.9703
849,0.2305
850,0.1010
851,0.0611
852,0.5401
853,0.9718
854,0.3327
855,0.6816
856,0.5717
857,0.9366
858,0.3675
859,0.9879
860,0.5413
861,0.8206
862,0.0829
863,0.0327
864,0.5058
865,0.8162
866,0.9925
867,0.9861
868,0.4694
869,0.5203
870,0.9795
871,0.1833
872,0.3807
873,0.9745
874,0.5290
875,0.8010
876,0.9957
877,0.1842
878,0.4287
879,0.8874
880,0.2481
881,0.2219
882,0.6896
883,0.9529
884,0.9910
885,0.4553
886,0.9988
887,0.1207
888,0.8518
889,0.5824
890,0.4675
891,0.7975
892,0.6215
893,0.6666
894,0.9957
895,0.9701
896,0.5607
897,0.4418
898,0.7877
899,0.0467
900,0.7951
901,0.9945
902,0.0284
903,0.9753
904,0.2286
905,0.8798
906,0.0720
907,0.6338
908,0.2928
909,0.9921
910,0.4826
911,0.9965
912,0.1391
913,0.9840
914,0.9789
915,0.8090
916,0.5226
917,0.3008
918,0.9955
919,0.9947
920,0.3583
921,0.6695
922,0.0473
923,0.4592
924,0.8193
925,0.9970
926,0.9883
927,0.7397
928,0.5728
929,0.6992
930,0.9886
931,0.1418
932,0.8653
933,0.9027
934,0.9858
935,0.9823
936,0.0906
937,0.4530
938,0.4792
939,0.9932
940,0.1318
941,0.5653
942,0.3711
943,0.9976
944,0.3267
945,0.9923
946,0.9164
947,0.9857
948,0.9990
949,0.5795
950,0.9978
951,0.3027
952,0.9787
953,0.7250
954,0.4143
955,0.8604
956,0.2960
957,0.3217
958,0.8755
959,0.9784
960,0.7827
961,0.6615
962,0.2807
963,0.3587
964,0.9927
965,0.9989
966,0.9905
967,0.9363
968,0.9933
969,0.9948
970,0.6107
971,0.9982
972,0.6630
973,0.2426
974,0.9964
975,0.9147
976,0.9931
977,0.9896
978,0.9987
979,0.9965
980,0.9994
981,0.0985
982,0.4456
983,0.1294
984,0.4390
985,0.9934
986,0.3463
987,0.9733
988,0.0858
989,0.9930
990,0.0625
991,0.9933
992,0.7093
993,0.9511
994,0.9954
995,0.0239
996,0.4396
997,0.9481
998,0.9982
999,0.9919
1000,0.4746
1001,0.9941
1002,0.9796
1003,0.2955
1004,0.9851
1005,0.9703
1006,0.4020
1007,0.6705
1008,0.3261
1009,0.9928
1010,0.8528
1011,0.9914
1012,0.1450
1013,0.9924
1014,0.7141
1015,0.9373
1016,0.9948
1017,0.9964
1018,0.9799
1019,0.8060
1020,0.7267
1021,0.9529
1022,0.4445
1023,0.9881
1024,0.9587
1025,0.9562
1026,0.7417
1027,0.8725
1028,0.5850
1029,0.1023
1030,0.8662
1031,0.8560
1032,0.3869
1033,0.9849
1034,0.8527
1035,0.9220
1036,0.6391
1037,0.9936
1038,0.9019
1039,0.5258
1040,0.9529
1041,0.0338
1042,0.9876
1043,0.3705
1044,0.0734
1045,0.6826
1046,0.9259
1047,0.9948
1048,0.2515
1049,0.9956
1050,0.9621
1051,0.5587
1052,0.4829
1053,0.9903
1054,0.9936
1055,0.8386
1056,0.4597
1057,0.9960
1058,0.5026
1059,0.9693
1060,0.1860
1061,0.9879
1062,0.9865
1063,0.9996
1064,0.9824
1065,0.1813
1066,0.5382
1067,0.8057
1068,0.9933
1069,0.9566
1070,0.0318
1071,0.8094
1072,0.9559
1073,0.3894
1074,0.9919
1075,0.2366
1076,0.9776
1077,0.9983
1078,0.9330
1079,0.2121
1080,0.3011
1081,0.8947
1082,0.9986
1083,0.9224
1084,0.1566
1085,0.6430
1086,0.2859
1087,0.2593
1088,0.9897
1089,0.9897
1090,0.7326
1091,0.9761
1092,0.2516
1093,0.9951
1094,0.9669
1095,0.0395
1096,0.1456
1097,0.9985
1098,0.1135
1099,0.6376
1100,0.2737
1101,0.8406
1102,0.9806
1103,0.9963
1104,0.8974
1105,0.2632
1106,0.9890
1107,0.9872
1108,0.2484
1109,0.2222
1110,0.9900
1111,0.9921
1112,0.5163
1113,0.9991
1114,0.6487
1115,0.9265
1116,0.4468
1117,0.9984
1118,0.9939
1119,0.9267
1120,0.9249
1121,0.6706
1122,0.9976
1123,0.0952
1124,0.9427
1125,0.9820
1126,0.4160
1127,0.8599
1128,0.7001
1129,0.4085
1130,0.9920
1131,0.0716
1132,0.9318
1133,0.5334
1134,0.2623
1135,0.9930
1136,0.9601
1137,0.0117
1138,0.9934
1139,0.9886
1140,0.4540
1141,0.7108
1142,0.6033
1143,0.9972
1144,0.9993
1145,0.2333
1146,0.9189
1147,0.7708
1148,0.9953
1149,0.9897
1150,0.2540
1151,0.9969
1152,0.9726
1153,0.9975
1154,0.9905
1155,0.2464
1156,0.9592
1157,0.9982
1158,0.9934
1159,0.9684
1160,0.4788
1161,0.9204
1162,0.8575
1163,0.4573
1164,0.9940
1165,0.8823
1166,0.9926
1167,0.9958
1168,0.9954
1169,0.9973
1170,0.9894
1171,0.9324
1172,0.9842
1173,0.9919
1174,0.2654
1175,0.1827
1176,0.8595
1177,0.4477
1178,0.4205
1179,0.9718
1180,0.9706
1181,0.2806
1182,0.9979
1183,0.9979
1184,0.8792
1185,0.1887
1186,0.9886
1187,0.9913
1188,0.9932
1189,0.9842
1190,0.8074
1191,0.9985
1192,0.8072
1193,0.7249
1194,0.4965
1195,0.5056
1196,0.9243
1197,0.8632
1198,0.6510
1199,0.8969
1200,0.9784
1201,0.9721
1202,0.3353
1203,0.7807
1204,0.9817
1205,0.9921
1206,0.7808
1207,0.9817
1208,0.1858
1209,0.4058
1210,0.5332
1211,0.9886
1212,0.7805
1213,0.1209
1214,0.9898
1215,0.9682
1216,0.9925
1217,0.9731
1218,0.9954
1219,0.5996
1220,0.7956
1221,0.1882
1222,0.9577
1223,0.7036
1224,0.9879
1225,0.4844
1226,0.6919
1227,0.7541
1228,0.4837
1229,0.9969
1230,0.9741
1231,0.9640
1232,0.9733
1233,0.9979
1234,0.1193
1235,0.2616
1236,0.9435
1237,0.4676
1238,0.5173
1239,0.9997
1240,0.8415
1241,0.3394
1242,0.9912
1243,0.5437
1244,0.9973
1245,0.9946
1246,0.9941
1247,0.4355
1248,0.3529
1249,0.7365
1250,0.3917
1251,0.9239
1252,0.5562
1253,0.1130
1254,0.5277
1255,0.5427
1256,0.9990
1257,0.3298
1258,0.9918
1259,0.4640
1260,0.6655
1261,0.9145
1262,0.1400
1263,0.9908
1264,0.9796
1265,0.3828
1266,0.7668
1267,0.8657
1268,0.9758
1269,0.1579
1270,0.9678
1271,0.6769
1272,0.9766
1273,0.9681
1274,0.5651
1275,0.9788
1276,0.1102
1277,0.2880
1278,0.9744
1279,0.9657
1280,0.5848
1281,0.1607
1282,0.1520
1283,0.9960
1284,0.0277
1285,0.5360
1286,0.9965
1287,0.5469
1288,0.9710
1289,0.9087
1290,0.4750
1291,0.6808
1292,0.9864
1293,0.9981
1294,0.0506
1295,0.3972
1296,0.9371
1297,0.9943
1298,0.9980
1299,0.9540
1300,0.9937
1301,0.9896
1302,0.9396
1303,0.9198
1304,0.9923
1305,0.9667
1306,0.9852
1307,0.7696
1308,0.5525
1309,0.6744
1310,0.9793
1311,0.5663
1312,0.9416
1313,0.9522
1314,0.4724
1315,0.9857
1316,0.9976
1317,0.0850
1318,0.8644
1319,0.6691
1320,0.8985
1321,0.9812
1322,0.9863
1323,0.6653
1324,0.9964
1325,0.7343
1326,0.7097
1327,0.7195
1328,0.9777
1329,0.9698
1330,0.1699
1331,0.9840
1332,0.9618
1333,0.0517
1334,0.6964
1335,0.9834
1336,0.4789
1337,0.5985
1338,0.9931
1339,0.9825
1340,0.9925
1341,0.9914
1342,0.9592
1343,0.9650
1344,0.9848
1345,0.3957
1346,0.9198
1347,0.9834
1348,0.2875
1349,0.9826
1350,0.4740
1351,0.8908
1352,0.9975
1353,0.7966
1354,0.1926
1355,0.4835
1356,0.9979
1357,0.9496
1358,0.8307
1359,0.9530
1360,0.4244
1361,0.9934
1362,0.7764
1363,0.9982
1364,0.0425
1365,0.9147
1366,0.0841
1367,0.6897
1368,0.9993
1369,0.9915
1370,0.9538
1371,0.3255
1372,0.9758
1373,0.4294
1374,0.9518
1375,0.4818
1376,0.6057
1377,0.9924
1378,0.9481
1379,0.7590
1380,0.1545
1381,0.5275
1382,0.9452
1383,0.9901
1384,0.9958
1385,0.7145
1386,0.9734
1387,0.9940
1388,0.9699
1389,0.1911
1390,0.9949
1391,0.9394
1392,0.4420
1393,0.9871
1394,0.9200
1395,0.9566
1396,0.9651
1397,0.8060
1398,0.9718
1399,0.9987
1400,0.7146
1401,0.9989
1402,0.9830
1403,0.9910
1404,0.9966
1405,0.5276
1406,0.9840
1407,0.1881
1408,0.9871
1409,0.9813
1410,0.7058
1411,0.9687
1412,0.1109
1413,0.9589
1414,0.0764
1415,0.4073
1416,0.5207
1417,0.3802
1418,0.9950
1419,0.9979
1420,0.9639
1421,0.8876
1422,0.3229
1423,0.6591
1424,0.8065
1425,0.4418
1426,0.1797
1427,0.6519
1428,0.3295
1429,0.8135
1430,0.6246
1431,0.7799
1432,0.9534
1433,0.9989
1434,0.1322
1435,0.9555
1436,0.0788
1437,0.9724
1438,0.9396
1439,0.5263
1440,0.1421
1441,0.3466
1442,0.9858
1443,0.9856
1444,0.9637
1445,0.9827
1446,0.5407
1447,0.9757
1448,0.5194
1449,0.9954
1450,0.9954
1451,0.3736
1452,0.8904
1453,0.4903
1454,0.9248
1455,0.5064
1456,0.9847
1457,0.9680
1458,0.9853
1459,0.9709
1460,0.8802
1461,0.9245
1462,0.9288
1463,0.9921
1464,0.9531
1465,0.8121
1466,0.3652
1467,0.6225
1468,0.8439
1469,0.9989
1470,0.9450
1471,0.3284
1472,0.8279
1473,0.9662
1474,0.9683
1475,0.1321
1476,0.9930
1477,0.8083
1478,0.3162
1479,0.0352
1480,0.9898
1481,0.9691
1482,0.9116
1483,0.7952
1484,0.9855
1485,0.3656
1486,0.2648
1487,0.4180
1488,0.9884
1489,0.9738
1490,0.1447
1491,0.5383
1492,0.9904
1493,0.9917
1494,0.9997
1495,0.7571
1496,0.6102
1497,0.9980
1498,0.4802
1499,0.1585
1500,0.9869
1501,0.4383
1502,0.9894
1503,0.9807
1504,0.7973
1505,0.9877
1506,0.3855
1507,0.1984
1508,0.6649
1509,0.9887
1510,0.6970
1511,0.1514
1512,0.9449
1513,0.6933
1514,0.5462
1515,0.8340
1516,0.5317
1517,0.0425
1518,0.9273
1519,0.9354
1520,0.9805
1521,0.9312
1522,0.9762
1523,0.9915
1524,0.8630
1525,0.3797
1526,0.4665
1527,0.9275
1528,0.9705
1529,0.7569
1530,0.9973
1531,0.9234
1532,0.5357
1533,0.9944
1534,0.5825
1535,0.0688
1536,0.6205
1537,0.9911
1538,0.6466
1539,0.9388
1540,0.7093
1541,0.9947
1542,0.1732
1543,0.5418
1544,0.9992
1545,0.3643
1546,0.6144
1547,0.9949
1548,0.9924
1549,0.9511
1550,0.9662
1551,0.9955
1552,0.9767
1553,0.8416
1554,0.9980
1555,0.9815
1556,0.3203
1557,0.9633
1558,0.9983
1559,0.7818
1560,0.3051
1561,0.8609
1562,0.9903
1563,0.6737
1564,0.9513
1565,0.7265
1566,0.9975
1567,0.4195
1568,0.7400
1569,0.9683
1570,0.9026
1571,0.1857
1572,0.0276
1573,0.9804
1574,0.9996
1575,0.9981
1576,0.9610
1577,0.9846
1578,0.0139
1579,0.2516
1580,0.8133
1581,0.5710
1582,0.6169
1583,0.9683
1584,0.9853
1585,0.9693
1586,0.9977
1587,0.9928
1588,0.6802
1589,0.9742
1590,0.9983
1591,0.9843
1592,0.6709
1593,0.9838
1594,0.9681
1595,0.7750
1596,0.4272
1597,0.9951
1598,0.9925
1599,0.8285
1600,0.2256
1601,0.9864
1602,0.9893
1603,0.1796
1604,0.8968
1605,0.4398
1606,0.1060
1607,0.5116
1608,0.0403
1609,0.9911
1610,0.7136
1611,0.4937
1612,0.9730
1613,0.9054
1614,0.9786
1615,0.9985
1616,0.1538
1617,0.4725
1618,0.7315
1619,0.9059
1620,0.9295
1621,0.0808
1622,0.9286
1623,0.9750
1624,0.9913
1625,0.9358
1626,0.9782
1627,0.5156
1628,0.9004
1629,0.6330
1630,0.7416
1631,0.2244
1632,0.8576
1633,0.9497
1634,0.9439
1635,0.6231
1636,0.9958
1637,0.9889
1638,0.6861
1639,0.0155
1640,0.7906
1641,0.7047
1642,0.0513
1643,0.2932
1644,0.9435
1645,0.8731
1646,0.7902
1647,0.2073
1648,0.9842
1649,0.9604
1650,0.5270
1651,0.9709
1652,0.9255
1653,0.3145
1654,0.8723
1655,0.4142
1656,0.9577
1657,0.8827
1658,0.5544
1659,0.9521
1660,0.5304
1661,0.1604
1662,0.9856
1663,0.1501
1664,0.9975
1665,0.9895
1666,0.9969
1667,0.8169
1668,0.9803
1669,0.5014
1670,0.9972
1671,0.9131
1672,0.8018
1673,0.3655
1674,0.7097
1675,0.9969
1676,0.9773
1677,0.9837
1678,0.4647
1679,0.9904
1680,0.9989
1681,0.9958
1682,0.9623
1683,0.9865
1684,0.9925
1685,0.9701
1686,0.0762
1687,0.9992
1688,0.1804
1689,0.5245
1690,0.7361
1691,0.2190
1692,0.1986
1693,0.7733
1694,0.9382
1695,0.0882
1696,0.9668
1697,0.9852
1698,0.7092
1699,0.9985
1700,0.6278
1701,0.2558
1702,0.2364
1703,0.2722
1704,0.7866
1705,0.9926
1706,0.9971
1707,0.9784
1708,0.0493
1709,0.9939
1710,0.3023
1711,0.9975
1712,0.7270
1713,0.7504
1714,0.7304
1715,0.9880
1716,0.9273
1717,0.5043
1718,0.9734
1719,0.8306
1720,0.9216
1721,0.7710
1722,0.7260
1723,0.9984
1724,0.9687
1725,0.9749
1726,0.3391
1727,0.9932
1728,0.9857
1729,0.3671
1730,0.9800
1731,0.9983
1732,0.9956
1733,0.1893
1734,0.9929
1735,0.9391
1736,0.9980
1737,0.9947
1738,0.9722
1739,0.2969
1740,0.7372
1741,0.8746
1742,0.2219
1743,0.5590
1744,0.3145
1745,0.9636
1746,0.9880
1747,0.4002
1748,0.9803
1749,0.8426
1750,0.9984
1751,0.2153
1752,0.9906
1753,0.9899
1754,0.9748
1755,0.6344
1756,0.9837
1757,0.8772
1758,0.9852
1759,0.5763
1760,0.9984
1761,0.3347
1762,0.1839
1763,0.8052
1764,0.9877
1765,0.4946
1766,0.2040
1767,0.9829
1768,0.2295
1769,0.4537
1770,0.9066
1771,0.0494
1772,0.9740
1773,0.6183
1774,0.9871
1775,0.3714
1776,0.9938
1777,0.9988
1778,0.7976
1779,0.5737
1780,0.9772
1781,0.9660
1782,0.9944
1783,0.0490
1784,0.7755
1785,0.9918
1786,0.9339
1787,0.9627
1788,0.9112
1789,0.9425
1790,0.6862
1791,0.8524
1792,0.0623
1793,0.8159
1794,0.4111
1795,0.9053
1796,0.9941
1797,0.2202
1798,0.5989
1799,0.9414
1800,0.9657
1801,0.9978
1802,0.4388
1803,0.9048
1804,0.9720
1805,0.2788
1806,0.9975
1807,0.3546
1808,0.9434
1809,0.9986
1810,0.9958
1811,0.9952
1812,0.9948
1813,0.5144
1814,0.8373
1815,0.5490
1816,0.7467
1817,0.7765
1818,0.9048
1819,0.9311
1820,0.7230
1821,0.9859
1822,0.9568
1823,0.9069
1824,0.9711
1825,0.9952
1826,0.0814
1827,0.9869
1828,0.9916
1829,0.9953
1830,0.9935
1831,0.9909
1832,0.9985
1833,0.4715
1834,0.3485
1835,0.9913
1836,0.2627
1837,0.9986
1838,0.3793
1839,0.9972
1840,0.6074
1841,0.7009
1842,0.6527
1843,0.2144
1844,0.4030
1845,0.6501
1846,0.5662
1847,0.7847
1848,0.4678
1849,0.6233
1850,0.9988
1851,0.8718
1852,0.4911
1853,0.1283
1854,0.9890
1855,0.9962
1856,0.3761
1857,0.9937
1858,0.0507
1859,0.7921
1860,0.0247
1861,0.9935
1862,0.5266
1863,0.5235
1864,0.9069
1865,0.9782
1866,0.3705
1867,0.9992
1868,0.4934
1869,0.9774
1870,0.9758
1871,0.9959
1872,0.9755
1873,0.8686
1874,0.9982
1875,0.9776
1876,0.6094
1877,0.0969
1878,0.3687
1879,0.5448
1880,0.9847
1881,0.8992
1882,0.9915
1883,0.9687
1884,0.4680
1885,0.9604
1886,0.9984
1887,0.8873
1888,0.7919
1889,0.9293
1890,0.9777
1891,0.0721
1892,0.9989
1893,0.7244
1894,0.9851
1895,0.9924
1896,0.9869
1897,0.9943
1898,0.9993
1899,0.9994
1900,0.6014
1901,0.0470
1902,0.9908
1903,0.4900
1904,0.6144
1905,0.5972
1906,0.9841
1907,0.9952
1908,0.1634
1909,0.9985
1910,0.9304
1911,0.7311
1912,0.8382
1913,0.9273
1914,0.9693
1915,0.1121
1916,0.3957
1917,0.9902
1918,0.9232
1919,0.9311
1920,0.4894
1921,0.9842
1922,0.9800
1923,0.9566
1924,0.8274
1925,0.9898
1926,0.9279
1927,0.9921
1928,0.2502
1929,0.8695
1930,0.9963
1931,0.5297
1932,0.9972
1933,0.1729
1934,0.8962
1935,0.9819
1936,0.4250
1937,0.9615
1938,0.9970
1939,0.9988
1940,0.9847
1941,0.9717
1942,0.5426
1943,0.4081
1944,0.3530
1945,0.9646
1946,0.9458
1947,0.0136
1948,0.9786
1949,0.9958
1950,0.9928
1951,0.4011
1952,0.9712
1953,0.9649
1954,0.9498
1955,0.9557
1956,0.9505
1957,0.0797
1958,0.9976
1959,0.4625
1960,0.3998
1961,0.6540
1962,0.9957
1963,0.9036
1964,0.0818
1965,0.9876
1966,0.9800
1967,0.5326
1968,0.6061
1969,0.6165
1970,0.9626
1971,0.9698
1972,0.8263
1973,0.7968
1974,0.7262
1975,0.4157
1976,0.2714
1977,0.0474
1978,0.9980
1979,0.9897
1980,0.8127
1981,0.9901
1982,0.1002
1983,0.9874
1984,0.4236
1985,0.9947
1986,0.9549
1987,0.4955
1988,0.1581
1989,0.7991
1990,0.9876
1991,0.7335
1992,0.4364
1993,0.9488
1994,0.9627
1995,0.9799
1996,0.1452
1997,0.9590
1998,0.7636
1999,0.9846
2000,0.4093
2001,0.9757
2002,0.2609
2003,0.8885
2004,0.9936
2005,0.9880
2006,0.9779
2007,0.4415
2008,0.9398
2009,0.9227
2010,0.1699
2011,0.4274
2012,0.0849
2013,0.9482
2014,0.8192
2015,0.4976
2016,0.9831
2017,0.1217
2018,0.2595
2019,0.9742
2020,0.9088
2021,0.9776
2022,0.9558
2023,0.6455
2024,0.9740
2025,0.8321
2026,0.9976
2027,0.9959
2028,0.9979
2029,0.8976
2030,0.8197
2031,0.2837
2032,0.9947
2033,0.5612
2034,0.1913
2035,0.6091
2036,0.9968
2037,0.8783
2038,0.3929
2039,0.5201
2040,0.2063
2041,0.6902
2042,0.1848
2043,0.3190
2044,0.9459
2045,0.7303
2046,0.3917
2047,0.9883
2048,0.5274
2049,0.9874
2050,0.9986
2051,0.9173
2052,0.9197
2053,0.9282
2054,0.9883
2055,0.9934
2056,0.2303
2057,0.9838
2058,0.9927
2059,0.3039
2060,0.5965
2061,0.5441
2062,0.9831
2063,0.9682
2064,0.9981
2065,0.8668
2066,0.9515
2067,0.9732
2068,0.5632
2069,0.9765
2070,0.5836
2071,0.1178
2072,0.9753
2073,0.9975
2074,0.9763
2075,0.2081
2076,0.8476
2077,0.4103
2078,0.5672
2079,0.9968
2080,0.3962
2081,0.3322
2082,0.9349
2083,0.9700
2084,0.2670
2085,0.2252
2086,0.3848
2087,0.8812
2088,0.9708
2089,0.3855
2090,0.9741
2091,0.9987
2092,0.8912
2093,0.9954
2094,0.9918
2095,0.9969
2096,0.9916
2097,0.9580
2098,0.9996
2099,0.6148
2100,0.9721
2101,0.5952
2102,0.9883
2103,0.9230
2104,0.2416
2105,0.1163
2106,0.7689
2107,0.2493
2108,0.4903
2109,0.9968
2110,0.3107
2111,0.9862
2112,0.0444
2113,0.9905
2114,0.3745
2115,0.9845
2116,0.9980
2117,0.4501
2118,0.9968
2119,0.9863
2120,0.0290
2121,0.4425
2122,0.8047
2123,0.9878
2124,0.8441
2125,0.3267
2126,0.1807
2127,0.5337
2128,0.9948
2129,0.7992
2130,0.9897
2131,0.9997
2132,0.5548
2133,0.9986
2134,0.9285
2135,0.9712
2136,0.9990
2137,0.9769
2138,0.9958
2139,0.9601
2140,0.2879
2141,0.4922
2142,0.9704
2143,0.7234
2144,0.7839
2145,0.9993
2146,0.9980
2147,0.9706
2148,0.9681
2149,0.9939
2150,0.1930
2151,0.8067
2152,0.9114
2153,0.3664
2154,0.9920
2155,0.9601
2156,0.9961
2157,0.0928
2158,0.1836
2159,0.7517
2160,0.9022
2161,0.3687
2162,0.9826
2163,0.1914
2164,0.9986
2165,0.9954
2166,0.9358
2167,0.9771
2168,0.9969
2169,0.7955
2170,0.1087
2171,0.9993
2172,0.9729
2173,0.2833
2174,0.9812
2175,0.4927
2176,0.6205
2177,0.9813
2178,0.3815
2179,0.7093
2180,0.2693
2181,0.9879
2182,0.9828
2183,0.0333
2184,0.8572
2185,0.9890
2186,0.1785
2187,0.1024
2188,0.9826
2189,0.9864
2190,0.3277
2191,0.4425
2192,0.9931
2193,0.1263
2194,0.9989
2195,0.2563
2196,0.9795
2197,0.3121
2198,0.9719
2199,0.9847
2200,0.1838
2201,0.2175
2202,0.9903
2203,0.9424
2204,0.9898
2205,0.9659
2206,0.9144
2207,0.7621
2208,0.4527
2209,0.8199
2210,0.9694
2211,0.1495
2212,0.8107
2213,0.9123
2214,0.9982
2215,0.1531
2216,0.9434
2217,0.7930
2218,0.9574
2219,0.9271
2220,0.1114
2221,0.4738
2222,0.5996
2223,0.1439
2224,0.9936
2225,0.3971
2226,0.9783
2227,0.9855
2228,0.8451
2229,0.8518
2230,0.4983
2231,0.1261
2232,0.2579
2233,0.9941
2234,0.1117
2235,0.9951
2236,0.9906
2237,0.9649
2238,0.5631
2239,0.9963
2240,0.2933
2241,0.8983
2242,0.9949
2243,0.9892
2244,0.6102
2245,0.8836
2246,0.9811
2247,0.2035
2248,0.9907
2249,0.9910
2250,0.8060
2251,0.5573
2252,0.9837
2253,0.9922
2254,0.8869
2255,0.9920
2256,0.9999
2257,0.9996
2258,0.9595
2259,0.9485
2260,0.7846
2261,0.9734
2262,0.8785
2263,0.9102
2264,0.8892
2265,0.6261
2266,0.4667
2267,0.2344
2268,0.9745
2269,0.8677
2270,0.3560
2271,0.9792
2272,0.3840
2273,0.0701
2274,0.6709
2275,0.9715
2276,0.8716
2277,0.9880
2278,0.7904
2279,0.5703
2280,0.2870
2281,0.3966
2282,0.9955
2283,0.2900
2284,0.8107
2285,0.9991
2286,0.9964
2287,0.8731
2288,0.0248
2289,0.9937
2290,0.7249
2291,0.7129
2292,0.7686
2293,0.0130
2294,0.9995
2295,0.4024
2296,0.2927
2297,0.6608
2298,0.8416
2299,0.9970
2300,0.9827
2301,0.6700
2302,0.9980
2303,0.9970
2304,0.0261
2305,0.9986
2306,0.9230
2307,0.9985
2308,0.9552
2309,0.1153
2310,0.6612
2311,0.8882
2312,0.9396
2313,0.5650
2314,0.8984
2315,0.9933
2316,0.9364
2317,0.0844
2318,0.1615
2319,0.9903
2320,0.9238
2321,0.9651
2322,0.9919
2323,0.3728
2324,0.1576
2325,0.4552
2326,0.4378
2327,0.9952
2328,0.9956
2329,0.8784
2330,0.8295
2331,0.2046
2332,0.9924
2333,0.9896
2334,0.9963
2335,0.9991
2336,0.5808
2337,0.5395
2338,0.8803
2339,0.2822
2340,0.2822
2341,0.2530
2342,0.0479
2343,0.2634
2344,0.9860
2345,0.2889
2346,0.9946
2347,0.7684
2348,0.9778
2349,0.1752
2350,0.7998
2351,0.0165
2352,0.0710
2353,0.9931
2354,0.9162
2355,0.5731
2356,0.9242
2357,0.7205
2358,0.9999
2359,0.9980
2360,0.9767
2361,0.2298
2362,0.9227
2363,0.4920
2364,0.3029
2365,0.4730
2366,0.7037
2367,0.7750
2368,0.9913
2369,0.4766
2370,0.9891
2371,0.8638
2372,0.9958
2373,0.3143
2374,0.1817
2375,0.9991
2376,0.9948
2377,0.8834
2378,0.9961
2379,0.8415
2380,0.9735
2381,0.9613
2382,0.1206
2383,0.9748
2384,0.3934
2385,0.3133
2386,0.9895
2387,0.6847
2388,0.9960
2389,0.0261
2390,0.7695
2391,0.9932
2392,0.9621
2393,0.9195
2394,0.9954
2395,0.5410
2396,0.5720
2397,0.9980
2398,0.7569
2399,0.4284
2400,0.9821
2401,0.9837
2402,0.9866
2403,0.4592
2404,0.9888
2405,0.2677
2406,0.9857
2407,0.9751
2408,0.9946
2409,0.4845
2410,0.9564
2411,0.2881
2412,0.9784
2413,0.6492
2414,0.7296
2415,0.8389
2416,0.2819
2417,0.9954
2418,0.9646
2419,0.7898
2420,0.8689
2421,0.9991
2422,0.8288
2423,0.4828
2424,0.1915
2425,0.9321
2426,0.9936
2427,0.7891
2428,0.3134
2429,0.9773
2430,0.9870
2431,0.9903
2432,0.1195
2433,0.9852
2434,0.9939
2435,0.9965
2436,0.2031
2437,0.9817
2438,0.4864
2439,0.1545
2440,0.3943
2441,0.9814
2442,0.0899
2443,0.9954
2444,0.9953
2445,0.8803
2446,0.9756
2447,0.8562
2448,0.3424
2449,0.9896
2450,0.9977
2451,0.3708
2452,0.4714
2453,0.3249
2454,0.9445
2455,0.3973
2456,0.6849
2457,0.5990
2458,0.5943
2459,0.9828
2460,0.1847
2461,0.9898
2462,0.9960
2463,0.6692
2464,0.9984
2465,0.4876
2466,0.9886
2467,0.9788
2468,0.5370
2469,0.6614
2470,0.2869
2471,0.9985
2472,0.8124
2473,0.9896
2474,0.1576
2475,0.7798
2476,0.9641
2477,0.0549
2478,0.9988
2479,0.9182
2480,0.5956
2481,0.7728
2482,0.4440
2483,0.9906
2484,0.8827
2485,0.9930
2486,0.9824
2487,0.9784
2488,0.1053
2489,0.5848
2490,0.6062
2491,0.9604
2492,0.9992
2493,0.2152
2494,0.5528
2495,0.6208
2496,0.9977
2497,0.9677
2498,0.7037
2499,0.9151
2500,0.9938
2501,0.9518
2502,0.9355
2503,0.6139
2504,0.4124
2505,0.9113
2506,0.9864
2507,0.9918
2508,0.6453
2509,0.9915
2510,0.5243
2511,0.9652
2512,0.6236
2513,0.1608
2514,0.9607
2515,0.6813
2516,0.9993
2517,0.9402
2518,0.2214
2519,0.9986
2520,0.9935
2521,0.9988
2522,0.5461
2523,0.3234
2524,0.1951
2525,0.9561
2526,0.9682
2527,0.4789
2528,0.9818
2529,0.5438
2530,0.4717
2531,0.9860
2532,0.9989
2533,0.9879
2534,0.9976
2535,0.7245
2536,0.3917
2537,0.1749
2538,0.7161
2539,0.7387
2540,0.8882
2541,0.2804
2542,0.0932
2543,0.9890
2544,0.9891
2545,0.9985
2546,0.9374
2547,0.3020
2548,0.3739
2549,0.6710
2550,0.8845
2551,0.9906
2552,0.9676
2553,0.4218
2554,0.9983
2555,0.9963
2556,0.4386
2557,0.9939
2558,0.4748
2559,0.0555
2560,0.9403
2561,0.2074
2562,0.9732
2563,0.9980
2564,0.9983
2565,0.9954
2566,0.8331
2567,0.0790
2568,0.9879
2569,0.5148
2570,0.1881
2571,0.8232
2572,0.5153
2573,0.1306
2574,0.9698
2575,0.9360
2576,0.9848
2577,0.8472
2578,0.9296
2579,0.5239
2580,0.6706
2581,0.8633
2582,0.9776
2583,0.0260
2584,0.9933
2585,0.8054
2586,0.7165
2587,0.2405
2588,0.7992
2589,0.9920
2590,0.2161
2591,0.9959
2592,0.7124
2593,0.7509
2594,0.9724
2595,0.9890
2596,0.9979
2597,0.9742
2598,0.9994
2599,0.4103
2600,0.9978
2601,0.7534
2602,0.9982
2603,0.9958
2604,0.9903
2605,0.1149
2606,0.9228
2607,0.8876
2608,0.9878
2609,0.3210
2610,0.9508
2611,0.8958
2612,0.9926
2613,0.8804
2614,0.6577
2615,0.9187
2616,0.9275
2617,0.9777
2618,0.5156
2619,0.7048
2620,0.8730
2621,0.9933
2622,0.9983
2623,0.9968
2624,0.8397
2625,0.9766
2626,0.9703
2627,0.9917
2628,0.9975
2629,0.4728
2630,0.4868
2631,0.2736
2632,0.9738
2633,0.2534
2634,0.9932
2635,0.2461
2636,0.9995
2637,0.6447
2638,0.3038
2639,0.9951
2640,0.9819
2641,0.5252
2642,0.8366
2643,0.3987
2644,0.8933
2645,0.3759
2646,0.7873
2647,0.7483
2648,0.9982
2649,0.7669
2650,0.9903
2651,0.5498
2652,0.9282
2653,0.4228
2654,0.9749
2655,0.9772
2656,0.6614
2657,0.9935
2658,0.6707
2659,0.9851
2660,0.3325
2661,0.9992
2662,0.8166
2663,0.2770
2664,0.9942
2665,0.9888
2666,0.9754
2667,0.9551
2668,0.1752
2669,0.1096
2670,0.6304
2671,0.9597
2672,0.9446
2673,0.9814
2674,0.9887
2675,0.9886
2676,0.6669
2677,0.1919
2678,0.9976
2679,0.9986
2680,0.9368
2681,0.8508
2682,0.3338
2683,0.9898
2684,0.5043
2685,0.3994
2686,0.9850
2687,0.2676
2688,0.7876
2689,0.5150
2690,0.9425
2691,0.2154
2692,0.7977
2693,0.5209
2694,0.6482
2695,0.4824
2696,0.9673
2697,0.8617
2698,0.9612
2699,0.4531
2700,0.1418
2701,0.0690
2702,0.8482
2703,0.9944
2704,0.5095
2705,0.8177
2706,0.9900
2707,0.5408
2708,0.9938
2709,0.9986
2710,0.9937
2711,0.9959
2712,0.3647
2713,0.3346
2714,0.9962
2715,0.2598
2716,0.8861
2717,0.4575
2718,0.5035
2719,0.9543
2720,0.7372
2721,0.9707
2722,0.9879
2723,0.3118
2724,0.1597
2725,0.9974
2726,0.4366
2727,0.9963
2728,0.6425
2729,0.5492
2730,0.3117
2731,0.8550
2732,0.9945
2733,0.7538
2734,0.9965
2735,0.9964
2736,0.8153
2737,0.9952
2738,0.8160
2739,0.9566
2740,0.9557
2741,0.9898
2742,0.7279
2743,0.9926
2744,0.3057
2745,0.4812
2746,0.7196
2747,0.5455
2748,0.9631
2749,0.1595
2750,0.4213
2751,0.7312
2752,0.3693
2753,0.2095
2754,0.9350
2755,0.9715
2756,0.6420
2757,0.9944
2758,0.9299
2759,0.1196
2760,0.2988
2761,0.9879
2762,0.0804
2763,0.9966
2764,0.8945
2765,0.9743
2766,0.8966
2767,0.9630
2768,0.6780
2769,0.9777
2770,0.0339
2771,0.4025
2772,0.7791
2773,0.9989
2774,0.0287
2775,0.9439
2776,0.9781
2777,0.8640
2778,0.6289
2779,0.8987
2780,0.9987
2781,0.9747
2782,0.9843
2783,0.8416
2784,0.9524
2785,0.9851
2786,0.9241
2787,0.9480
2788,0.5632
2789,0.9929
2790,0.9944
2791,0.9815
2792,0.7475
2793,0.9390
2794,0.9543
2795,0.7801
2796,0.9911
2797,0.9674
2798,0.9779
2799,0.7628
2800,0.1278
2801,0.9928
2802,0.9551
2803,0.0193
2804,0.9986
2805,0.5455
2806,0.9967
2807,0.9867
2808,0.9496
2809,0.9070
2810,0.9945
2811,0.4526
2812,0.9779
2813,0.0513
2814,0.8867
2815,0.9901
2816,0.9955
2817,0.6158
2818,0.1782
2819,0.8803
2820,0.7252
2821,0.4111
2822,0.5176
2823,0.9990
2824,0.6365
2825,0.3319
2826,0.9915
2827,0.4475
2828,0.9574
2829,0.9976
2830,0.9835
2831,0.4664
2832,0.9449
2833,0.8781
2834,0.9787
2835,0.9583
2836,0.9993
2837,0.3688
2838,0.8459
2839,0.2605
2840,0.9895
2841,0.9953
2842,0.9923
2843,0.9542
2844,0.3744
2845,0.5039
2846,0.1419
2847,0.2787
2848,0.9458
2849,0.9842
2850,0.9979
2851,0.9748
2852,0.9791
2853,0.9981
2854,0.3482
2855,0.6975
2856,0.9680
2857,0.9599
2858,0.1070
2859,0.5514
2860,0.6159
2861,0.9853
2862,0.5731
2863,0.9746
2864,0.9548
2865,0.9779
2866,0.7997
2867,0.9314
2868,0.3251
2869,0.8941
2870,0.9889
2871,0.9963
2872,0.9991
2873,0.9853
2874,0.0724
2875,0.3591
2876,0.4707
2877,0.9918
2878,0.9986
2879,0.2874
2880,0.9969
2881,0.9958
2882,0.8877
2883,0.5412
2884,0.9339
2885,0.7546
2886,0.9088
2887,0.9996
2888,0.9983
2889,0.6725
2890,0.9037
2891,0.9461
2892,0.4543
2893,0.9689
2894,0.9233
2895,0.7404
2896,0.3063
2897,0.8047
2898,0.9978
2899,0.9966
2900,0.9970
2901,0.7955
2902,0.7238
2903,0.6310
2904,0.2242
2905,0.9494
2906,0.1365
2907,0.2922
2908,0.9613
2909,0.6046
2910,0.4092
2911,0.8259
2912,0.7235
2913,0.9924
2914,0.5922
2915,0.9943
2916,0.8498
2917,0.9349
2918,0.9043
2919,0.0438
2920,0.9800
2921,0.0934
2922,0.9856
2923,0.8145
2924,0.9930
2925,0.9405
2926,0.9972
2927,0.9922
2928,0.4415
2929,0.9781
2930,0.8910
2931,0.7339
2932,0.2942
2933,0.8904
2934,0.0616
2935,0.9943
2936,0.2060
2937,0.8097
2938,0.9777
2939,0.8950
2940,0.0728
2941,0.8419
2942,0.8923
2943,0.9958
2944,0.9923
2945,0.2110
2946,0.1825
2947,0.9918
2948,0.0879
2949,0.0659
2950,0.9617
2951,0.6751
2952,0.1748
2953,0.9977
2954,0.6453
2955,0.7216
2956,0.9354
2957,0.5319
2958,0.5147
2959,0.2477
2960,0.9934
2961,0.8333
2962,0.9971
2963,0.4956
2964,0.9657
2965,0.6537
2966,0.9812
2967,0.9658
2968,0.9613
2969,0.9951
2970,0.1618
2971,0.7724
2972,0.9990
2973,0.9350
2974,0.4223
2975,0.5573
2976,0.7120
2977,0.9973
2978,0.0562
2979,0.9675
2980,0.9661
2981,0.9725
2982,0.9717
2983,0.9875
2984,0.0753
2985,0.0428
2986,0.3729
2987,0.9888
2988,0.9757
2989,0.9627
2990,0.4888
2991,0.5041
2992,0.4647
2993,0.2986
2994,0.2699
2995,0.9855
2996,0.9418
2997,0.9969
2998,0.1509
2999,0.9959
3000,0.5461
3001,0.9595
3002,0.9881
3003,0.9084
3004,0.3235
3005,0.9970
3006,0.9611
3007,0.9507
3008,0.9762
3009,0.6735
3010,0.4724
3011,0.9996
3012,0.9744
3013,0.9706
3014,0.6514
3015,0.9933
3016,0.7350
3017,0.7353
3018,0.1821
3019,0.9978
3020,0.9914
3021,0.9152
3022,0.1273
3023,0.9746
3024,0.9419
3025,0.4327
3026,0.2824
3027,0.9978
3028,0.4537
3029,0.9620
3030,0.9919
3031,0.9675
3032,0.9958
3033,0.4964
3034,0.9616
3035,0.9948
3036,0.5360
3037,0.9031
3038,0.6093
3039,0.7529
3040,0.1419
3041,0.6740
3042,0.7130
3043,0.9783
3044,0.9890
3045,0.7460
3046,0.9174
3047,0.2126
3048,0.9534
3049,0.5978
3050,0.3378
3051,0.9619
3052,0.9006
3053,0.7408
3054,0.9863
3055,0.4295
3056,0.9934
3057,0.9698
3058,0.0601
3059,0.8101
3060,0.9347
3061,0.5322
3062,0.8472
3063,0.7998
3064,0.5133
3065,0.9758
3066,0.8864
3067,0.9905
3068,0.3484
3069,0.9794
3070,0.2027
3071,0.4561
3072,0.9824
3073,0.8867
3074,0.9984
3075,0.1143
3076,0.3901
3077,0.9883
3078,0.9696
3079,0.9009
3080,0.3277
3081,0.9816
3082,0.9612
3083,0.9613
3084,0.5229
3085,0.9808
3086,0.9808
3087,0.9507
3088,0.9411
3089,0.9670
3090,0.9810
3091,0.3607
3092,0.9978
3093,0.9877
3094,0.9978
3095,0.6727
3096,0.7373
3097,0.9837
3098,0.9975
3099,0.9202
3100,0.0720
3101,0.8802
3102,0.7104
3103,0.3438
3104,0.9829
3105,0.9809
3106,0.9848
3107,0.2652
3108,0.9901
3109,0.4395
3110,0.4034
3111,0.2336
3112,0.3543
3113,0.9959
3114,0.8905
3115,0.9946
3116,0.9983
3117,0.2348
3118,0.7135
3119,0.9512
3120,0.9981
3121,0.4606
3122,0.5128
3123,0.9883
3124,0.8574
3125,0.4456
3126,0.8287
3127,0.9941
3128,0.9618
3129,0.8350
3130,0.9367
3131,0.3337
3132,0.9699
3133,0.4656
3134,0.1400
3135,0.7593
3136,0.4163
3137,0.9862
3138,0.9786
3139,0.9319
3140,0.9687
3141,0.9539
3142,0.9877
3143,0.9728
3144,0.4306
3145,0.3757
3146,0.9829
3147,0.8325
3148,0.3299
3149,0.9992
3150,0.6655
3151,0.9176
3152,0.2002
3153,0.9828
3154,0.4550
3155,0.7971
3156,0.9895
3157,0.9839
3158,0.0684
3159,0.5052
3160,0.8229
3161,0.9999
3162,0.9927
3163,0.4533
3164,0.9366
3165,0.2458
3166,0.9962
3167,0.7108
3168,0.9541
3169,0.8047
3170,0.9641
3171,0.8612
3172,0.3595
3173,0.7955
3174,0.1196
3175,0.9447
3176,0.3327
3177,0.1875
3178,0.4255
3179,0.4882
3180,0.9779
3181,0.6293
3182,0.4555
3183,0.4576
3184,0.9695
3185,0.3387
3186,0.9981
3187,0.4146
3188,0.0771
3189,0.8201
3190,0.9729
3191,0.9937
3192,0.9335
3193,0.8832
3194,0.9521
3195,0.9879
3196,0.4059
3197,0.6926
3198,0.9992
3199,0.1636
3200,0.4425
3201,0.9951
3202,0.5482
3203,0.9498
3204,0.4809
3205,0.9905
3206,0.8164
3207,0.9912
3208,0.3679
3209,0.9898
3210,0.9983
3211,0.1429
3212,0.6449
3213,0.9553
3214,0.0873
3215,0.0661
3216,0.1056
3217,0.9907
3218,0.1285
3219,0.4465
3220,0.9650
3221,0.8980
3222,0.6178
3223,0.1259
3224,0.5402
3225,0.9911
3226,0.9907
3227,0.9885
3228,0.9978
3229,0.3983
3230,0.6091
3231,0.9878
3232,0.7258
3233,0.3946
3234,0.9722
3235,0.7364
3236,0.9478
3237,0.9992
3238,0.9976
3239,0.7331
3240,0.9784
3241,0.9902
3242,0.9968
3243,0.9584
3244,0.9473
3245,0.1517
3246,0.7199
3247,0.9875
3248,0.0754
3249,0.4437
3250,0.9857
3251,0.5244
3252,0.9940
3253,0.9899
3254,0.9971
3255,0.7458
3256,0.9739
3257,0.8059
3258,0.2540
3259,0.7668
3260,0.9807
3261,0.6708
3262,0.3136
3263,0.4787
3264,0.4458
3265,0.9635
3266,0.4137
3267,0.2413
3268,0.9569
3269,0.4634
3270,0.5179
3271,0.9984
3272,0.1420
3273,0.8700
3274,0.9992
3275,0.1290
3276,0.8183
3277,0.9741
3278,0.3340
3279,0.3624
3280,0.9798
3281,0.2403
3282,0.3236
3283,0.5682
3284,0.7275
3285,0.1207
3286,0.9964
3287,0.9963
3288,0.8629
3289,0.9786
3290,0.1457
3291,0.1448
3292,0.1841
3293,0.7687
3294,0.9933
3295,0.2143
3296,0.5054
3297,0.9571
3298,0.8898
3299,0.7562
3300,0.3386
3301,0.1544
3302,0.7377
3303,0.1210
3304,0.9924
3305,0.4312
3306,0.9998
3307,0.3601
3308,0.1349
3309,0.7567
3310,0.5649
3311,0.1487
3312,0.9935
3313,0.9975
3314,0.4948
3315,0.9197
3316,0.9656
3317,0.3025
3318,0.3298
3319,0.9897
3320,0.8242
3321,0.9607
3322,0.2760
3323,0.7596
3324,0.7702
3325,0.5740
3326,0.9376
3327,0.9931
3328,0.5102
3329,0.9955
3330,0.9879
3331,0.9893
3332,0.9682
3333,0.9989
3334,0.1218
3335,0.9516
3336,0.9754
3337,0.9983
3338,0.1485
3339,0.3017
3340,0.3421
3341,0.2243
3342,0.2076
3343,0.9384
3344,0.6106
3345,0.9935
3346,0.9917
3347,0.5745
3348,0.6349
3349,0.6652
3350,0.6688
3351,0.1620
3352,0.9987
3353,0.4800
3354,0.8777
3355,0.3106
3356,0.7101
3357,0.9486
3358,0.3960
3359,0.1037
3360,0.8910
3361,0.9020
3362,0.3109
3363,0.8582
3364,0.9987
3365,0.9752
3366,0.9969
3367,0.9942
3368,0.9928
3369,0.9990
3370,0.6070
3371,0.9973
3372,0.3115
3373,0.9681
3374,0.0700
3375,0.5912
3376,0.5856
3377,0.2856
3378,0.9988
3379,0.7644
3380,0.9994
3381,0.9523
3382,0.9958
3383,0.7285
3384,0.8754
3385,0.9907
3386,0.9888
3387,0.3831
3388,0.9876
3389,0.9663
3390,0.1756
3391,0.9385
3392,0.9228
3393,0.9970
3394,0.9990
3395,0.9943
3396,0.9979
3397,0.5120
3398,0.8384
3399,0.3998
3400,0.9841
3401,0.9915
3402,0.2897
3403,0.3068
3404,0.9844
3405,0.9757
3406,0.5557
3407,0.4082
3408,0.9945
3409,0.9841
3410,0.9930
3411,0.7632
3412,0.6107
3413,0.9417
3414,0.3957
3415,0.9953
3416,0.1177
3417,0.9558
3418,0.4293
3419,0.9857
3420,0.8769
3421,0.9934
3422,0.1855
3423,0.9429
3424,0.6243
3425,0.5140
3426,0.6224
3427,0.9950
3428,0.7248
3429,0.8278
3430,0.9882
3431,0.5526
3432,0.6976
3433,0.1296
3434,0.0282
3435,0.5445
3436,0.9944
3437,0.3437
3438,0.9880
3439,0.9897
3440,0.4545
3441,0.6075
3442,0.8839
3443,0.9878
3444,0.2410
3445,0.9086
3446,0.5988
3447,0.9463
3448,0.9994
3449,0.4576
3450,0.9841
3451,0.9978
3452,0.8871
3453,0.2189
3454,0.7560
3455,0.1671
3456,0.9918
3457,0.5236
3458,0.9882
3459,0.9947
3460,0.9961
3461,0.7216
3462,0.4812
3463,0.8443
3464,0.9694
3465,0.9897
3466,0.8267
3467,0.0696
3468,0.9879
3469,0.8759
3470,0.9743
3471,0.3497
3472,0.8146
3473,0.6590
3474,0.6517
3475,0.8862
3476,0.5876
3477,0.9624
3478,0.0213
3479,0.5891
3480,0.5045
3481,0.9213
3482,0.9987
3483,0.4204
3484,0.9510
3485,0.9878
3486,0.3538
3487,0.9973
3488,0.3466
3489,0.8671
3490,0.5921
3491,0.0293
3492,0.8356
3493,0.9897
3494,0.1535
3495,0.1433
3496,0.9999
3497,0.9882
3498,0.9928
3499,0.9968
3500,0.9931
3501,0.5887
3502,0.9989
3503,0.9526
3504,0.3387
3505,0.1951
3506,0.2002
3507,0.8299
3508,0.7743
3509,0.3104
3510,0.2762
3511,0.9602
3512,0.8940
3513,0.9408
3514,0.7916
3515,0.8910
3516,0.9903
3517,0.9679
3518,0.4813
3519,0.9230
3520,0.9715
3521,0.3580
3522,0.9252
3523,0.3635
3524,0.9980
3525,0.9787
3526,0.4762
3527,0.6048
3528,0.9718
3529,0.6089
3530,0.9850
3531,0.3507
3532,0.9925
3533,0.2258
3534,0.9991
3535,0.8668
3536,0.2117
3537,0.4097
3538,0.9976
3539,0.9746
3540,0.7859
3541,0.0955
3542,0.9990
3543,0.6386
3544,0.9809
3545,0.8787
3546,0.9795
3547,0.9994
3548,0.9983
3549,0.4107
3550,0.9632
3551,0.6481
3552,0.9950
3553,0.7829
3554,0.4145
3555,0.8133
3556,0.7111
3557,0.5045
3558,0.9798
3559,0.0959
3560,0.8262
3561,0.9944
3562,0.9983
3563,0.5081
3564,0.9727
3565,0.2043
3566,0.9998
3567,0.7899
3568,0.9948
3569,0.9913
3570,0.9014
3571,0.9451
3572,0.9915
3573,0.9962
3574,0.0729
3575,0.4956
3576,0.9996
3577,0.2311
3578,0.7549
3579,0.9249
3580,0.5099
3581,0.9584
3582,0.4629
3583,0.9959
3584,0.2281
3585,0.8788
3586,0.6986
3587,0.9668
3588,0.9891
3589,0.1952
3590,0.9924
3591,0.9950
3592,0.9721
3593,0.4842
3594,0.3517
3595,0.8793
3596,0.0199
3597,0.1751
3598,0.7023
3599,0.8467
3600,0.9147
3601,0.7307
3602,0.0882
3603,0.9022
3604,0.4911
3605,0.7388
3606,0.7969
3607,0.9936
3608,0.3687
3609,0.9669
3610,0.0936
3611,0.7031
3612,0.5430
3613,0.2054
3614,0.9837
3615,0.9955
3616,0.9942
3617,0.1921
3618,0.3390
3619,0.3984
3620,0.8095
3621,0.9925
3622,0.9851
3623,0.9914
3624,0.9269
3625,0.9958
3626,0.9995
3627,0.9928
3628,0.9841
3629,0.9916
3630,0.2769
3631,0.9892
3632,0.7121
3633,0.3347
3634,0.9111
3635,0.9811
3636,0.1796
3637,0.9993
3638,0.6306
3639,0.4343
3640,0.9686
3641,0.9556
3642,0.3350
3643,0.1764
3644,0.1014
3645,0.1964
3646,0.2001
3647,0.8870
3648,0.9925
3649,0.9968
3650,0.4070
3651,0.9871
3652,0.8272
3653,0.5262
3654,0.0773
3655,0.0552
3656,0.3185
3657,0.2716
3658,0.9922
3659,0.6602
3660,0.9989
3661,0.1442
3662,0.9906
3663,0.9480
3664,0.4482
3665,0.9786
3666,0.9897
3667,0.9980
3668,0.0485
3669,0.2327
3670,0.1077
3671,0.8676
3672,0.9943
3673,0.3660
3674,0.9910
3675,0.3050
3676,0.3911
3677,0.0182
3678,0.8536
3679,0.4531
3680,0.1484
3681,0.9405
3682,0.9935
3683,0.9991
3684,0.7309
3685,0.3555
3686,0.9950
3687,0.9973
3688,0.0963
3689,0.8010
3690,0.9672
3691,0.9476
3692,0.7567
3693,0.9963
3694,0.9996
3695,0.5045
3696,0.2262
3697,0.9171
3698,0.9901
3699,0.9889
3700,0.9899
3701,0.5759
3702,0.9425
3703,0.1186
3704,0.9981
3705,0.0311
3706,0.1655
3707,0.9909
3708,0.6652
3709,0.9957
3710,0.9801
3711,0.9893
3712,0.7729
3713,0.9906
3714,0.1660
3715,0.9437
3716,0.4092
3717,0.3248
3718,0.9983
3719,0.0823
3720,0.9962
3721,0.9984
3722,0.9972
3723,0.9846
3724,0.9938
3725,0.9917
3726,0.8755
3727,0.7093
3728,0.9926
3729,0.9962
3730,0.9902
3731,0.5879
3732,0.5218
3733,0.5847
3734,0.9768
3735,0.7283
3736,0.9440
3737,0.9985
3738,0.9781
3739,0.9236
3740,0.7592
3741,0.9871
3742,0.5673
3743,0.1207
3744,0.9904
3745,0.2839
3746,0.3247
3747,0.9983
3748,0.9728
3749,0.1762
3750,0.9714
3751,0.9898
3752,0.9612
3753,0.2633
3754,0.7307
3755,0.2539
3756,0.5474
3757,0.1628
3758,0.7735
3759,0.9290
3760,0.6661
3761,0.9899
3762,0.9903
3763,0.3668
3764,0.0871
3765,0.3092
3766,0.2940
3767,0.0364
3768,0.8385
3769,0.3158
3770,0.9899
3771,0.2059
3772,0.9843
3773,0.9945
3774,0.5601
3775,0.8137
3776,0.7351
3777,0.9983
3778,0.8915
3779,0.8118
3780,0.8531
3781,0.5236
3782,0.9819
3783,0.5723
3784,0.0944
3785,0.9840
3786,0.9714
3787,0.4233
3788,0.0482
3789,0.3327
3790,0.9704
3791,0.5588
3792,0.0866
3793,0.9968
3794,0.9636
3795,0.9769
3796,0.9896
3797,0.2335
3798,0.8798
3799,0.9934
3800,0.6195
3801,0.9513
3802,0.9903
3803,0.6429
3804,0.8855
3805,0.5940
3806,0.1356
3807,0.1857
3808,0.9894
3809,0.8124
3810,0.5801
3811,0.9995
3812,0.8634
3813,0.9793
3814,0.9616
3815,0.9625
3816,0.9950
3817,0.9794
3818,0.9614
3819,0.9979
3820,0.9972
3821,0.9806
3822,0.6690
3823,0.7968
3824,0.1241
3825,0.9973
3826,0.5022
3827,0.9958
3828,0.9974
3829,0.8078
3830,0.5022
3831,0.6994
3832,0.8403
3833,0.9323
3834,0.2373
3835,0.9787
3836,0.2570
3837,0.4702
3838,0.8930
3839,0.9806
3840,0.2519
3841,0.8173
3842,0.6592
3843,0.9836
3844,0.6890
3845,0.7885
3846,0.4769
3847,0.9968
3848,0.9526
3849,0.9946
3850,0.0883
3851,0.9815
3852,0.8452
3853,0.9809
3854,0.9949
3855,0.7350
3856,0.7228
3857,0.6425
3858,0.9974
3859,0.9943
3860,0.9949
3861,0.4033
3862,0.9976
3863,0.9624
3864,0.5035
3865,0.3984
3866,0.9937
3867,0.1099
3868,0.9671
3869,0.9932
3870,0.9953
3871,0.6446
3872,0.9942
3873,0.9899
3874,0.9969
3875,0.7730
3876,0.9939
3877,0.8801
3878,0.5373
3879,0.4711
3880,0.9937
3881,0.9065
3882,0.1992
3883,0.9883
3884,0.9914
3885,0.0295
3886,0.2591
3887,0.9917
3888,0.9062
3889,0.5099
3890,0.3520
3891,0.9971
3892,0.7712
3893,0.0743
3894,0.1848
3895,0.7736
3896,0.9981
3897,0.3697
3898,0.3084
3899,0.4398
3900,0.8215
3901,0.9941
3902,0.7402
3903,0.9895
3904,0.4608
3905,0.9846
3906,0.8228
3907,0.7053
3908,0.6775
3909,0.9756
3910,0.8489
3911,0.3899
3912,0.5564
3913,0.8351
3914,0.7738
3915,0.9600
3916,0.4008
3917,0.4935
3918,0.9884
3919,0.9984
3920,0.5106
3921,0.8789
3922,0.8510
3923,0.4985
3924,0.9935
3925,0.9532
3926,0.3871
3927,0.8936
3928,0.5487
3929,0.9907
3930,0.9717
3931,0.9935
3932,0.1160
3933,0.1083
3934,0.9829
3935,0.1721
3936,0.6900
3937,0.9745
3938,0.6808
3939,0.9665
3940,0.9361
3941,0.9496
3942,0.9820
3943,0.9231
3944,0.3401
3945,0.4644
3946,0.6154
3947,0.9769
3948,0.8956
3949,0.2055
3950,0.3818
3951,0.3807
3952,0.4656
3953,0.8112
3954,0.4976
3955,0.9765
3956,0.9929
3957,0.7641
3958,0.1431
3959,0.2856
3960,0.9831
3961,0.5258
3962,0.7578
3963,0.9529
3964,0.8313
3965,0.4878
3966,0.1571
3967,0.3137
3968,0.8975
3969,0.7871
3970,0.1268
3971,0.8899
3972,0.5245
3973,0.9919
3974,0.7849
3975,0.9836
3976,0.9489
3977,0.9642
3978,0.2994
3979,0.0978
3980,0.9845
3981,0.9799
3982,0.8737
3983,0.4876
3984,0.9397
3985,0.9453
3986,0.1125
3987,0.3662
3988,0.9996
3989,0.9581
3990,0.0188
3991,0.3489
3992,0.1078
3993,0.2442
3994,0.9716
3995,0.9707
3996,0.6688
3997,0.2311
3998,0.3563
3999,0.1812
4000,0.9144
4001,0.7960
4002,0.9808
4003,0.9983
4004,0.7093
4005,0.2559
4006,0.2161
4007,0.9394
4008,0.3583
4009,0.9974
4010,0.2475
4011,0.2198
4012,0.9883
4013,0.9881
4014,0.9596
4015,0.9958
4016,0.9949
4017,0.9727
4018,0.2099
4019,0.9586
4020,0.6471
4021,0.8458
4022,0.9460
4023,0.4832
4024,0.5971
4025,0.9782
4026,0.9968
4027,0.1610
4028,0.8811
4029,0.4349
4030,0.9673
4031,0.9561
4032,0.9957
4033,0.6388
4034,0.9418
4035,0.9774
4036,0.9058
4037,0.9946
4038,0.1456
4039,0.9914
4040,0.9706
4041,0.9076
4042,0.4289
4043,0.8084
4044,0.2285
4045,0.8407
4046,0.9826
4047,0.9959
4048,0.0218
4049,0.9968
4050,0.9991
4051,0.9935
4052,0.1202
4053,0.0659
4054,0.9138
4055,0.6200
4056,0.8920
4057,0.9996
4058,0.8660
4059,0.7912
4060,0.6243
4061,0.4830
4062,0.9939
4063,0.9673
4064,0.6950
4065,0.6154
4066,0.9787
4067,0.9931
4068,0.9946
4069,0.9487
4070,0.2661
4071,0.9982
4072,0.9738
4073,0.9909
4074,0.5539
4075,0.9924
4076,0.6945
4077,0.6814
4078,0.9949
4079,0.8199
4080,0.9976
4081,0.8418
4082,0.2411
4083,0.9739
4084,0.3112
4085,0.9056
4086,0.2336
4087,0.9895
4088,0.6005
4089,0.4345
4090,0.9896
4091,0.9832
4092,0.8274
4093,0.6578
4094,0.9854
4095,0.5547
4096,0.7744
4097,0.6520
4098,0.9891
4099,0.9901
4100,0.7972
4101,0.7750
4102,0.4795
4103,0.6598
4104,0.2748
4105,0.7362
4106,0.8950
4107,0.9830
4108,0.5520
4109,0.3998
4110,0.5990
4111,0.9906
4112,0.9489
4113,0.6558
4114,0.6843
4115,0.6351
4116,0.9819
4117,0.9879
4118,0.8527
4119,0.9948
4120,0.9971
4121,0.4033
4122,0.6212
4123,0.0616
4124,0.9994
4125,0.9978
4126,0.5450
4127,0.9747
4128,0.2231
4129,0.9428
4130,0.4941
4131,0.2653
4132,0.9980
4133,0.8923
4134,0.3336
4135,0.9994
4136,0.2626
4137,0.3017
4138,0.9922
4139,0.5545
4140,0.9921
4141,0.9908
4142,0.8684
4143,0.1665
4144,0.2530
4145,0.9984
4146,0.8905
4147,0.9785
4148,0.9972
4149,0.9476
4150,0.6381
4151,0.5419
4152,0.9893
4153,0.8365
4154,0.8878
4155,0.0576
4156,0.3261
4157,0.1310
4158,0.9543
4159,0.0615
4160,0.4478
4161,0.7638
4162,0.6440
4163,0.9512
4164,0.9195
4165,0.8402
4166,0.5569
4167,0.9820
4168,0.9944
4169,0.9655
4170,0.9706
4171,0.5043
4172,0.8584
4173,0.0552
4174,0.7065
4175,0.7382
4176,0.9943
4177,0.1209
4178,0.6674
4179,0.9947
4180,0.9527
4181,0.3924
4182,0.8211
4183,0.9386
4184,0.2654
4185,0.9871
4186,0.5168
4187,0.3501
4188,0.9896
4189,0.3661
4190,0.5495
4191,0.5962
4192,0.9972
4193,0.9698
4194,0.4341
4195,0.9707
4196,0.1966
4197,0.8670
4198,0.9858
4199,0.3506
4200,0.9551
4201,0.2016
4202,0.9590
4203,0.0326
4204,0.4714
4205,0.9279
4206,0.2320
4207,0.4375
4208,0.9514
4209,0.9997
4210,0.9924
4211,0.9609
4212,0.2875
4213,0.9926
4214,0.8971
4215,0.5727
4216,0.4504
4217,0.0808
4218,0.0396
4219,0.3273
4220,0.5359
4221,0.1751
4222,0.5892
4223,0.3877
4224,0.1744
4225,0.9644
4226,0.9883
4227,0.9953
4228,0.8618
4229,0.4127
4230,0.3096
4231,0.6429
4232,0.9721
4233,0.9486
4234,0.4396
4235,0.9779
4236,0.9826
4237,0.8136
4238,0.6918
4239,0.9976
4240,0.9940
4241,0.9081
4242,0.2609
4243,0.9963
4244,0.8249
4245,0.9949
4246,0.0777
4247,0.1317
4248,0.9982
4249,0.9986
4250,0.9557
4251,0.9551
4252,0.9583
4253,0.1357
4254,0.3748
4255,0.9486
4256,0.3007
4257,0.9825
4258,0.9874
4259,0.7026
4260,0.9608
4261,0.2683
4262,0.4294
4263,0.8611
4264,0.0223
4265,0.8659
4266,0.9958
4267,0.5537
4268,0.3776
4269,0.1435
4270,0.4034
4271,0.9695
4272,0.1778
4273,0.1423
4274,0.9904
4275,0.9628
4276,0.9886
4277,0.9847
4278,0.8930
4279,0.9971
4280,0.9921
4281,0.8237
4282,0.9997
4283,0.5219
4284,0.1348
4285,0.9946
4286,0.9289
4287,0.9798
4288,0.9964
4289,0.3454
4290,0.9872
4291,0.9978
4292,0.4003
4293,0.9830
4294,0.5559
4295,0.9907
4296,0.9411
4297,0.2468
4298,0.7190
4299,0.9409
4300,0.6452
4301,0.9741
4302,0.8081
4303,0.7263
4304,0.2722
4305,0.1163
4306,0.9960
4307,0.9929
4308,0.9964
4309,0.9901
4310,0.3330
4311,0.9839
4312,0.4958
4313,0.9821
4314,0.7843
4315,0.9995
4316,0.9880
4317,0.5764
4318,0.9736
4319,0.7128
4320,0.9992
4321,0.2169
4322,0.7132
4323,0.9959
4324,0.6164
4325,0.4213
4326,0.9953
4327,0.9942
4328,0.9241
4329,0.9911
4330,0.7119
4331,0.5775
4332,0.9992
4333,0.9427
4334,0.9506
4335,0.9713
4336,0.9933
4337,0.8822
4338,0.7588
4339,0.2582
4340,0.4316
4341,0.6549
4342,0.9870
4343,0.9745
4344,0.7390
4345,0.9229
4346,0.9866
4347,0.4633
4348,0.9950
4349,0.9551
4350,0.9999
4351,0.2683
4352,0.4970
4353,0.1865
4354,0.5186
4355,0.9339
4356,0.9965
4357,0.6736
4358,0.9931
4359,0.9981
4360,0.8538
4361,0.5791
4362,0.8421
4363,0.9978
4364,0.9967
4365,0.8424
4366,0.9435
4367,0.9813
4368,0.9802
4369,0.4468
4370,0.6244
4371,0.7424
4372,0.9920
4373,0.6512
4374,0.9909
4375,0.5146
4376,0.9870
4377,0.7441
4378,0.9771
4379,0.6936
4380,0.9986
4381,0.1282
4382,0.4053
4383,0.3237
4384,0.9951
4385,0.8961
4386,0.4791
4387,0.8783
4388,0.9748
4389,0.9367
4390,0.9801
4391,0.8017
4392,0.2441
4393,0.9329
4394,0.6280
4395,0.4182
4396,0.9277
4397,0.2283
4398,0.9689
4399,0.9465
4400,0.8373
4401,0.9593
4402,0.9996
4403,0.9461
4404,0.3086
4405,0.8615
4406,0.2627
4407,0.1597
4408,0.9939
4409,0.9973
4410,0.9911
4411,0.4427
4412,0.0283
4413,0.9918
4414,0.9726
4415,0.9948
4416,0.9710
4417,0.9586
4418,0.8314
4419,0.9521
4420,0.7944
4421,0.4072
4422,0.9964
4423,0.2315
4424,0.4805
4425,0.6854
4426,0.5423
4427,0.9386
4428,0.9922
4429,0.9839
4430,0.9996
4431,0.9914
4432,0.9563
4433,0.3536
4434,0.9943
4435,0.9797
4436,0.5242
4437,0.9982
4438,0.9953
4439,0.6045
4440,0.9290
4441,0.9966
4442,0.9697
4443,0.9521
4444,0.3996
4445,0.9637
4446,0.9903
4447,0.7691
4448,0.9607
4449,0.1285
4450,0.7533
4451,0.9988
4452,0.5907
4453,0.9923
4454,0.7770
4455,0.5441
4456,0.1525
4457,0.5659
4458,0.7761
4459,0.7091
4460,0.9957
4461,0.7839
4462,0.6350
4463,0.6709
4464,0.9833
4465,0.9955
4466,0.9174
4467,0.9977
4468,0.7777
4469,0.4632
4470,0.7983
4471,0.9884
4472,0.9535
4473,0.8383
4474,0.9881
4475,0.9545
4476,0.9983
4477,0.5978
4478,0.9867
4479,0.0399
4480,0.4514
4481,0.0016
4482,0.9890
4483,0.9099
4484,0.9914
4485,0.0166
4486,0.9885
4487,0.9693
4488,0.7770
4489,0.3940
4490,0.9991
4491,0.8034
4492,0.9850
4493,0.4353
4494,0.9754
4495,0.9942
4496,0.9933
4497,0.5963
4498,0.9982
4499,0.8673
4500,0.9875
4501,0.9815
4502,0.9945
4503,0.3814
4504,0.9697
4505,0.5777
4506,0.9952
4507,0.9965
4508,0.8175
4509,0.8437
4510,0.4354
4511,0.0835
4512,0.9890
4513,0.6448
4514,0.0946
4515,0.9854
4516,0.6481
4517,0.9905
4518,0.9992
4519,0.1531
4520,0.9970
4521,0.9034
4522,0.4519
4523,0.9731
4524,0.9523
4525,0.7009
4526,0.4714
4527,0.9762
4528,0.9600
4529,0.9436
4530,0.8914
4531,0.8685
4532,0.5445
4533,0.4288
4534,0.5105
4535,0.8534
4536,0.9497
4537,0.4453
4538,0.9900
4539,0.6496
4540,0.3119
4541,0.9667
4542,0.5836
4543,0.9995
4544,0.9078
4545,0.4555
4546,0.2979
4547,0.5603
4548,0.4733
4549,0.8731
4550,0.9962
4551,0.9646
4552,0.9999
4553,0.2424
4554,0.0708
4555,0.9711
4556,0.9742
4557,0.9849
4558,0.6500
4559,0.9970
4560,0.9989
4561,0.9167
4562,0.3774
4563,0.9830
4564,0.2097
4565,0.8682
4566,0.9987
4567,0.4225
4568,0.9991
4569,0.7827
4570,0.2701
4571,0.9798
4572,0.9400
4573,0.9913
4574,0.9965
4575,0.6680
4576,0.9912
4577,0.6845
4578,0.9921
4579,0.5477
4580,0.9979
4581,0.9898
4582,0.9984
4583,0.3845
4584,0.9994
4585,0.2629
4586,0.6871
4587,0.2169
4588,0.1292
4589,0.7276
4590,0.9571
4591,0.9680
4592,0.9968
4593,0.9840
4594,0.7189
4595,0.0967
4596,0.9834
4597,0.7232
4598,0.9916
4599,0.9089
4600,0.8196
4601,0.9339
4602,0.3158
4603,0.3645
4604,0.2195
4605,0.9972
4606,0.6191
4607,0.9979
4608,0.8313
4609,0.9110
4610,0.7977
4611,0.9813
4612,0.1057
4613,0.9991
4614,0.9174
4615,0.5261
4616,0.6946
4617,0.9934
4618,0.1994
4619,0.3107
4620,0.5004
4621,0.8470
4622,0.1537
4623,0.7023
4624,0.6640
4625,0.3581
4626,0.6360
4627,0.4918
4628,0.9992
4629,0.9783
4630,0.9786
4631,0.9941
4632,0.9734
4633,0.0668
4634,0.6715
4635,0.3899
4636,0.9775
4637,0.9717
4638,0.5015
4639,0.5330
4640,0.3021
4641,0.9786
4642,0.6433
4643,0.9970
4644,0.1119
4645,0.5489
4646,0.9820
4647,0.6646
4648,0.9962
4649,0.9910
4650,0.2989
4651,0.8261
4652,0.9923
4653,0.9974
4654,0.9990
4655,0.0720
4656,0.9598
4657,0.0258
4658,0.9796
4659,0.6651
4660,0.9257
4661,0.9814
4662,0.9794
4663,0.9682
4664,0.1035
4665,0.9986
4666,0.7682
4667,0.9621
4668,0.9081
4669,0.4767
4670,0.9978
4671,0.9157
4672,0.8669
4673,0.9894
4674,0.7051
4675,0.9846
4676,0.0950
4677,0.7399
4678,0.9992
4679,0.6651
4680,0.9505
4681,0.7580
4682,0.1211
4683,0.5499
4684,0.8039
4685,0.9105
4686,0.5351
4687,0.4467
4688,0.9997
4689,0.1721
4690,0.0360
4691,0.9799
4692,0.7341
4693,0.6408
4694,0.6043
4695,0.9484
4696,0.9956
4697,0.0397
4698,0.9980
4699,0.9996
4700,0.9585
4701,0.9940
4702,0.9915
4703,0.9842
4704,0.3771
4705,0.9830
4706,0.8859
4707,0.9121
4708,0.9953
4709,0.9869
4710,0.9790
4711,0.9721
4712,0.8412
4713,0.3183
4714,0.0717
4715,0.6035
4716,0.6238
4717,0.6139
4718,0.6359
4719,0.0759
4720,0.9473
4721,0.6556
4722,0.9946
4723,0.9722
4724,0.9903
4725,0.6311
4726,0.9404
4727,0.9930
4728,0.8147
4729,0.9729
4730,0.8037
4731,0.9910
4732,0.8671
4733,0.8310
4734,0.5160
4735,0.9966
4736,0.9969
4737,0.8987
4738,0.8332
4739,0.9963
4740,0.5718
4741,0.7271
4742,0.9941
4743,0.8048
4744,0.3179
4745,0.1830
4746,0.7961
4747,0.9750
4748,0.3027
4749,0.6266
4750,0.0866
4751,0.5085
4752,0.1038
4753,0.1380
4754,0.7719
4755,0.8568
4756,0.2014
4757,0.9910
4758,0.2475
4759,0.9816
4760,0.3149
4761,0.4398
4762,0.9631
4763,0.9798
4764,0.6413
4765,0.9999
4766,0.2870
4767,0.9926
4768,0.5552
4769,0.6716
4770,0.9810
4771,0.8494
4772,0.6264
4773,0.6489
4774,0.4051
4775,0.5583
4776,0.9978
4777,0.6803
4778,0.9774
4779,0.8409
4780,0.6070
4781,0.8774
4782,0.9896
4783,0.9691
4784,0.6725
4785,0.4223
4786,0.9732
4787,0.9768
4788,0.1783
4789,0.3236
4790,0.7569
4791,0.9964
4792,0.0503
4793,0.1170
4794,0.9890
4795,0.9256
4796,0.9975
4797,0.5020
4798,0.4441
4799,0.4875
4800,0.9033
4801,0.8457
4802,0.5053
4803,0.9680
4804,0.6482
4805,0.9788
4806,0.9713
4807,0.4559
4808,0.9507
4809,0.9540
4810,0.1105
4811,0.9941
4812,0.5193
4813,0.9304
4814,0.1181
4815,0.9907
4816,0.8758
4817,0.9923
4818,0.9024
4819,0.2666
4820,0.9671
4821,0.9695
4822,0.5149
4823,0.9375
4824,0.4048
4825,0.7385
4826,0.9930
4827,0.9966
4828,0.9965
4829,0.9354
4830,0.8414
4831,0.9500
4832,0.6157
4833,0.8896
4834,0.7180
4835,0.9368
4836,0.9787
4837,0.6063
4838,0.1894
4839,0.0347
4840,0.9948
4841,0.9590
4842,0.8390
4843,0.2507
4844,0.9235
4845,0.7043
4846,0.1445
4847,0.9976
4848,0.5621
4849,0.8995
4850,0.9426
4851,0.7076
4852,0.9965
4853,0.9969
4854,0.4688
4855,0.6994
4856,0.9959
4857,0.9825
4858,0.2090
4859,0.2052
4860,0.3976
4861,0.3585
4862,0.5644
4863,0.3145
4864,0.0838
4865,0.8761
4866,0.8726
4867,0.8789
4868,0.2987
4869,0.1736
4870,0.9944
4871,0.9874
4872,0.1023
4873,0.4680
4874,0.0925
4875,0.4354
4876,0.1466
4877,0.5236
4878,0.8893
4879,0.9887
4880,0.9907
4881,0.9896
4882,0.1291
4883,0.9967
4884,0.8304
4885,0.0191
4886,0.7925
4887,0.8201
4888,0.9976
4889,0.9917
4890,0.9984
4891,0.9954
4892,0.5368
4893,0.9890
4894,0.0630
4895,0.6288
4896,0.2061
4897,0.9935
4898,0.9736
4899,0.9947
4900,0.9896
4901,0.9433
4902,0.9937
4903,0.9719
4904,0.5065
4905,0.6877
4906,0.2290
4907,0.6433
4908,0.6081
4909,0.9881
4910,0.7604
4911,0.9159
4912,0.9916
4913,0.9934
4914,0.3070
4915,0.1138
4916,0.0108
4917,0.4550
4918,0.1369
4919,0.2629
4920,0.8341
4921,0.5911
4922,0.4873
4923,0.9789
4924,0.9614
4925,0.8187
4926,0.0547
4927,0.7811
4928,0.3976
4929,0.9729
4930,0.8683
4931,0.9872
4932,0.9965
4933,0.6232
4934,0.3175
4935,0.0260
4936,0.7507
4937,0.9902
4938,0.7809
4939,0.3946
4940,0.9852
4941,0.4154
4942,0.9954
4943,0.9863
4944,0.1912
4945,0.0305
4946,0.8324
4947,0.9731
4948,0.0527
4949,0.5363
4950,0.9971
4951,0.9795
4952,0.9846
4953,0.8679
4954,0.9976
4955,0.3236
4956,0.9964
4957,0.1254
4958,0.3652
4959,0.9808
4960,0.5938
4961,0.9641
4962,0.2924
4963,0.1305
4964,0.9897
4965,0.9721
4966,0.3641
4967,0.9965
4968,0.9802
4969,0.5341
4970,0.9323
4971,0.9994
4972,0.9810
4973,0.4688
4974,0.6766
4975,0.9945
4976,0.6199
4977,0.9952
4978,0.0297
4979,0.9993
4980,0.7932
4981,0.3052
4982,0.9932
4983,0.0707
4984,0.9980
4985,0.0411
4986,0.0858
4987,0.9376
4988,0.2860
4989,0.7179
4990,0.5573
4991,0.1321
4992,0.3737
4993,0.2040
4994,0.9270
4995,0.9840
4996,0.9686
4997,0.5479
4998,0.5689
4999,0.9982
5000,0.9181
5001,0.2848
5002,0.4891
5003,0.9980
5004,0.2487
5005,0.2311
5006,0.8691
5007,0.9540
5008,0.9940
5009,0.0763
5010,0.6344
5011,0.2880
5012,0.2859
5013,0.9178
5014,0.2506
5015,0.9053
5016,0.8947
5017,0.1770
5018,0.9947
5019,0.9873
5020,0.9859
5021,0.9752
5022,0.7220
5023,0.9963
5024,0.2966
5025,0.9908
5026,0.3666
5027,0.0598
5028,0.9790
5029,0.9046
5030,0.5833
5031,0.9854
5032,0.9985
5033,0.5862
5034,0.9960
5035,0.0591
5036,0.5995
5037,0.9681
5038,0.9919
5039,0.9680
5040,0.9927
5041,0.9995
5042,0.9944
5043,0.9972
5044,0.0352
5045,0.9907
5046,0.0048
5047,0.9813
5048,0.9600
5049,0.3249
5050,0.6978
5051,0.9928
5052,0.9547
5053,0.5325
5054,0.9804
5055,0.9256
5056,0.9754
5057,0.5607
5058,0.9908
5059,0.0926
5060,0.9752
5061,0.8837
5062,0.8125
5063,0.9971
5064,0.1823
5065,0.5143
5066,0.9597
5067,0.9808
5068,0.2603
5069,0.9962
5070,0.3089
5071,0.9525
5072,0.9989
5073,0.5503
5074,0.0858
5075,0.9915
5076,0.2128
5077,0.5798
5078,0.9946
5079,0.4597
5080,0.5640
5081,0.9859
5082,0.9896
5083,0.9473
5084,0.7273
5085,0.5365
5086,0.2716
5087,0.9189
5088,0.9673
5089,0.9070
5090,0.9879
5091,0.9692
5092,0.8171
5093,0.9700
5094,0.6474
5095,0.9951
5096,0.4843
5097,0.9930
5098,0.8015
5099,0.9851
5100,0.9923
5101,0.9848
5102,0.9943
5103,0.2163
5104,0.9782
5105,0.8893
5106,0.2489
5107,0.4257
5108,0.9804
5109,0.9724
5110,0.9966
5111,0.0538
5112,0.9981
5113,0.6711
5114,0.9983
5115,0.4438
5116,0.8093
5117,0.9348
5118,0.7996
5119,0.9527
5120,0.9341
5121,0.8114
5122,0.3861
5123,0.9405
5124,0.9713
5125,0.6129
5126,0.9939
5127,0.3144
5128,0.9917
5129,0.6826
5130,0.9977
5131,0.4760
5132,0.7123
5133,0.2929
5134,0.9966
5135,0.9836
5136,0.5476
5137,0.1561
5138,0.9851
5139,0.9376
5140,0.8971
5141,0.8640
5142,0.4513
5143,0.9885
5144,0.9940
5145,0.0616
5146,0.9927
5147,0.4200
5148,0.6176
5149,0.9909
5150,0.9971
5151,0.8750
5152,0.9459
5153,0.5501
5154,0.9961
5155,0.9923
5156,0.9745
5157,0.8334
5158,0.9826
5159,0.3621
5160,0.9946
5161,0.4174
5162,0.0649
5163,0.5671
5164,0.5716
5165,0.1165
5166,0.7097
5167,0.9934
5168,0.9873
5169,0.2556
5170,0.8443
5171,0.4302
5172,0.8292
5173,0.4827
5174,0.3790
5175,0.5927
5176,0.9482
5177,0.8324
5178,0.4985
5179,0.8367
5180,0.7403
5181,0.9974
5182,0.9799
5183,0.9259
5184,0.5759
5185,0.9912
5186,0.5179
5187,0.0947
5188,0.3463
5189,0.4344
5190,0.9775
5191,0.3022
5192,0.9956
5193,0.1472
5194,0.9517
5195,0.9984
5196,0.4306
5197,0.4666
5198,0.9965
5199,0.9917
5200,0.8242
5201,0.6737
5202,0.3261
5203,0.7903
5204,0.9807
5205,0.8946
5206,0.9211
5207,0.6796
5208,0.9964
5209,0.9969
5210,0.9955
5211,0.7356
5212,0.6025
5213,0.8103
5214,0.1053
5215,0.4868
5216,0.9962
5217,0.2625
5218,0.9045
5219,0.5071
5220,0.1819
5221,0.3556
5222,0.9946
5223,0.1350
5224,0.9940
5225,0.9721
5226,0.3029
5227,0.9940
5228,0.9972
5229,0.8015
5230,0.9864
5231,0.9351
5232,0.4095
5233,0.1639
5234,0.9860
5235,0.6150
5236,0.8044
5237,0.9788
5238,0.6008
5239,0.9870
5240,0.9932
5241,0.2607
5242,0.9254
5243,0.7484
5244,0.9680
5245,0.8197
5246,0.8253
5247,0.9884
5248,0.9608
5249,0.9813
5250,0.9171
5251,0.9430
5252,0.9997
5253,0.8655
5254,0.1515
5255,0.1445
5256,0.5461
5257,0.3971
5258,0.5796
5259,0.9849
5260,0.1701
5261,0.9722
5262,0.9981
5263,0.9704
5264,0.7789
5265,0.5481
5266,0.9238
5267,0.4776
5268,0.3041
5269,0.9651
5270,0.7297
5271,0.9988
5272,0.7481
5273,0.3160
5274,0.2329
5275,0.8737
5276,0.9953
5277,0.3180
5278,0.7813
5279,0.9923
5280,0.6079
5281,0.7715
5282,0.9855
5283,0.9754
5284,0.3343
5285,0.9311
5286,0.9936
5287,0.1525
5288,0.1375
5289,0.2503
5290,0.5220
5291,0.7239
5292,0.9299
5293,0.7821
5294,0.9283
5295,0.6871
5296,0.3230
5297,0.9946
5298,0.3489
5299,0.5631
5300,0.4473
5301,0.9984
5302,0.2427
5303,0.2363
5304,0.7354
5305,0.9984
5306,0.7726
5307,0.3052
5308,0.9853
5309,0.7405
5310,0.9849
5311,0.1673
5312,0.5376
5313,0.8391
5314,0.9981
5315,0.4705
5316,0.4460
5317,0.9508
5318,0.9839
5319,0.8528
5320,0.9943
5321,0.6711
5322,0.5252
5323,0.7601
5324,0.2335
5325,0.3354
5326,0.0784
5327,0.3880
5328,0.9977
5329,0.5999
5330,0.3630
5331,0.9943
5332,0.9043
5333,0.9839
5334,0.9858
5335,0.9990
5336,0.9876
5337,0.2280
5338,0.3940
5339,0.9049
5340,0.9966
5341,0.1068
5342,0.3003
5343,0.9633
5344,0.9901
5345,0.9896
5346,0.6709
5347,0.2489
5348,0.8457
5349,0.3957
5350,0.9847
5351,0.9930
5352,0.9306
5353,0.5746
5354,0.9358
5355,0.8379
5356,0.2133
5357,0.9404
5358,0.0879
5359,0.9285
5360,0.9882
5361,0.5528
5362,0.9934
5363,0.9575
5364,0.9968
5365,0.8434
5366,0.0568
5367,0.8692
5368,0.1333
5369,0.0756
5370,0.9724
5371,0.9941
5372,0.1734
5373,0.5341
5374,0.0096
5375,0.9761
5376,0.9919
5377,0.7214
5378,0.6295
5379,0.9987
5380,0.9763
5381,0.9661
5382,0.6775
5383,0.2088
5384,0.7225
5385,0.9788
5386,0.7625
5387,0.6219
5388,0.3013
5389,0.9902
5390,0.0248
5391,0.9373
5392,0.9929
5393,0.5270
5394,0.9982
5395,0.8566
5396,0.9201
5397,0.7359
5398,0.9996
5399,0.8383
5400,0.9960
5401,0.9119
5402,0.3338
5403,0.9897
5404,0.1733
5405,0.7505
5406,0.9923
5407,0.9993
5408,0.0368
5409,0.9834
5410,0.3550
5411,0.8546
5412,0.9776
5413,0.7780
5414,0.1632
5415,0.9806
5416,0.2988
5417,0.9987
5418,0.3578
5419,0.9900
5420,0.0663
5421,0.4675
5422,0.9970
5423,0.9920
5424,0.9451
5425,0.5139
5426,0.6734
5427,0.8648
5428,0.9423
5429,0.9350
5430,0.8586
5431,0.6747
5432,0.9962
5433,0.8390
5434,0.9941
5435,0.6503
5436,0.1917
5437,0.8562
5438,0.9757
5439,0.9899
5440,0.9681
5441,0.8792
5442,0.0396
5443,0.9178
5444,0.9922
5445,0.9986
5446,0.7426
5447,0.0373
5448,0.9802
5449,0.4345
5450,0.6379
5451,0.9955
5452,0.9624
5453,0.2399
5454,0.9996
5455,0.0559
5456,0.8579
5457,0.9877
5458,0.3087
5459,0.5355
5460,0.1055
5461,0.9900
5462,0.3980
5463,0.1019
5464,0.9954
5465,0.9642
5466,0.9375
5467,0.3222
5468,0.3761
5469,0.5137
5470,0.7866
5471,0.8600
5472,0.9846
5473,0.8272
5474,0.9991
5475,0.1497
5476,0.9704
5477,0.4985
5478,0.9045
5479,0.9873
5480,0.6112
5481,0.6813
5482,0.9926
5483,0.2688
5484,0.9945
5485,0.9095
5486,0.1863
5487,0.9955
5488,0.0325
5489,0.5763
5490,0.3733
5491,0.9921
5492,0.0523
5493,0.9926
5494,0.9924
5495,0.9940
5496,0.9952
5497,0.3055
5498,0.9976
5499,0.2474
5500,0.9973
5501,0.9629
5502,0.9971
5503,0.9270
5504,0.9894
5505,0.9842
5506,0.2684
5507,0.4647
5508,0.5389
5509,0.9589
5510,0.3373
5511,0.9945
5512,0.9689
5513,0.8902
5514,0.9987
5515,0.9684
5516,0.0563
5517,0.7334
5518,0.9886
5519,0.6360
5520,0.9395
5521,0.9976
5522,0.1651
5523,0.9743
5524,0.9824
5525,0.5432
5526,0.9479
5527,0.2433
5528,0.4645
5529,0.1851
5530,0.9097
5531,0.9887
5532,0.8874
5533,0.9953
5534,0.7179
5535,0.9871
5536,0.2054
5537,0.9893
5538,0.4733
5539,0.9916
5540,0.9945
5541,0.9011
5542,0.9944
5543,0.9946
5544,0.6856
5545,0.9536
5546,0.7762
5547,0.9926
5548,0.7763
5549,0.9759
5550,0.0315
5551,0.3789
5552,0.6332
5553,0.1452
5554,0.9994
5555,0.9984
5556,0.9849
5557,0.8264
5558,0.4923
5559,0.9987
5560,0.9860
5561,0.3423
5562,0.7070
5563,0.9925
5564,0.2226
5565,0.0251
5566,0.9881
5567,0.4571
5568,0.1548
5569,0.9880
5570,0.7350
5571,0.8752
5572,0.7138
5573,0.2326
5574,0.9816
5575,0.5427
5576,0.5379
5577,0.9961
5578,0.9971
5579,0.3258
5580,0.9610
5581,0.8175
5582,0.6397
5583,0.9852
5584,0.0892
5585,0.9810
5586,0.9994
5587,0.5879
5588,0.0676
5589,0.9384
5590,0.9991
5591,0.9896
5592,0.2106
5593,0.9639
5594,0.5083
5595,0.9922
5596,0.3920
5597,0.1996
5598,0.9923
5599,0.6847
5600,0.9454
5601,0.9946
5602,0.9936
5603,0.9931
5604,0.9951
5605,0.9508
5606,0.9816
5607,0.7246
5608,0.2283
5609,0.9958
5610,0.9666
5611,0.7456
5612,0.4305
5613,0.9831
5614,0.9842
5615,0.2971
5616,0.9985
5617,0.4660
5618,0.9956
5619,0.0068
5620,0.9770
5621,0.9378
5622,0.9860
5623,0.9173
5624,0.9711
5625,0.8903
5626,0.5657
5627,0.9887
5628,0.9973
5629,0.9608
5630,0.2871
5631,0.7982
5632,0.9841
5633,0.3069
5634,0.8136
5635,0.9744
5636,0.9942
5637,0.9901
5638,0.3708
5639,0.9969
5640,0.8962
5641,0.6510
5642,0.7314
5643,0.9536
5644,0.9850
5645,0.9945
5646,0.8648
5647,0.9904
5648,0.9042
5649,0.6641
5650,0.9997
5651,0.7801
5652,0.9795
5653,0.2036
5654,0.2545
5655,0.9458
5656,0.9876
5657,0.9872
5658,0.9977
5659,0.9292
5660,0.9981
5661,0.9524
5662,0.7189
5663,0.9867
5664,0.3604
5665,0.6029
5666,0.9744
5667,0.4559
5668,0.9972
5669,0.0505
5670,0.9560
5671,0.9654
5672,0.9949
5673,0.9640
5674,0.9937
5675,0.1125
5676,0.9932
5677,0.9036
5678,0.8700
5679,0.2377
5680,0.9968
5681,0.9764
5682,0.9957
5683,0.9802
5684,0.1511
5685,0.9844
5686,0.7984
5687,0.2182
5688,0.9965
5689,0.9985
5690,0.7251
5691,0.9961
5692,0.9986
5693,0.2583
5694,0.4706
5695,0.4115
5696,0.9285
5697,0.8387
5698,0.5969
5699,0.9765
5700,0.9260
5701,0.9961
5702,0.5393
5703,0.7181
5704,0.5043
5705,0.6247
5706,0.9998
5707,0.8538
5708,0.9985
5709,0.7952
5710,0.8029
5711,0.8879
5712,0.9945
5713,0.5380
5714,0.9672
5715,0.9916
5716,0.9907
5717,0.9938
5718,0.9043
5719,0.2103
5720,0.9893
5721,0.9861
5722,0.4990
5723,0.4263
5724,0.2737
5725,0.3598
5726,0.9983
5727,0.9340
5728,0.9949
5729,0.9916
5730,0.9783
5731,0.1485
5732,0.9911
5733,0.6547
5734,0.4286
5735,0.9935
5736,0.7033
5737,0.4986
5738,0.8964
5739,0.4967
5740,0.7177
5741,0.4929
5742,0.1076
5743,0.9773
5744,0.9550
5745,0.9982
5746,0.9853
5747,0.4739
5748,0.2224
5749,0.9823
5750,0.9922
5751,0.1465
5752,0.2862
5753,0.7438
5754,0.8802
5755,0.4130
5756,0.9971
5757,0.9714
5758,0.9892
5759,0.9987
5760,0.9895
5761,0.1497
5762,0.1764
5763,0.0869
5764,0.9670
5765,0.8833
5766,0.7929
5767,0.5996
5768,0.0718
5769,0.9890
5770,0.9987
5771,0.5843
5772,0.9953
5773,0.2465
5774,0.6371
5775,0.9745
5776,0.9832
5777,0.4604
5778,0.9973
5779,0.5353
5780,0.6912
5781,0.6898
5782,0.1335
5783,0.9822
5784,0.4145
5785,0.9823
5786,0.9562
5787,0.2423
5788,0.2676
5789,0.5172
5790,0.2811
5791,0.9974
5792,0.9984
5793,0.9856
5794,0.8722
5795,0.9913
5796,0.9978
5797,0.1829
5798,0.9933
5799,0.3639
5800,0.9720
5801,0.7825
5802,0.4846
5803,0.7834
5804,0.9401
5805,0.9810
5806,0.9650
5807,0.9930
5808,0.9933
5809,0.1537
5810,0.9937
5811,0.2124
5812,0.9721
5813,0.1517
5814,0.7858
5815,0.9908
5816,0.9921
5817,0.3161
5818,0.4298
5819,0.9768
5820,0.2737
5821,0.7118
5822,0.3967
5823,0.2894
5824,0.9823
5825,0.2100
5826,0.3830
5827,0.9832
5828,0.9929
5829,0.9810
5830,0.4168
5831,0.9681
5832,0.9787
5833,0.9913
5834,0.8575
5835,0.0606
5836,0.9942
5837,0.9992
5838,0.4447
5839,0.9775
5840,0.9894
5841,0.9856
5842,0.5126
5843,0.9962
5844,0.8321
5845,0.3537
5846,0.9995
5847,0.1276
5848,0.9903
5849,0.9979
5850,0.9927
5851,0.9863
5852,0.3659
5853,0.8903
5854,0.2559
5855,0.9937
5856,0.8593
5857,0.6791
5858,0.2105
5859,0.9531
5860,0.9882
5861,0.9934
5862,0.9005
5863,0.9908
5864,0.9841
5865,0.4272
5866,0.9871
5867,0.9432
5868,0.9990
5869,0.4147
5870,0.4461
5871,0.9997
5872,0.4366
5873,0.2658
5874,0.9844
5875,0.0584
5876,0.1886
5877,0.9815
5878,0.9473
5879,0.6569
5880,0.9789
5881,0.9960
5882,0.9969
5883,0.0606
5884,0.9470
5885,0.4454
5886,0.9592
5887,0.4448
5888,0.2305
5889,0.5147
5890,0.9930
5891,0.9926
5892,0.2706
5893,0.9984
5894,0.6606
5895,0.5516
5896,0.9478
5897,0.6959
5898,0.9829
5899,0.3518
5900,0.0464
5901,0.7785
5902,0.4851
5903,0.7536
5904,0.0984
5905,0.9596
5906,0.8959
5907,0.9932
5908,0.4651
5909,0.9964
5910,0.1635
5911,0.8628
5912,0.3695
5913,0.4418
5914,0.7311
5915,0.3830
5916,0.9962
5917,0.3008
5918,0.6276
5919,0.7174
5920,0.9537
5921,0.9941
5922,0.7450
5923,0.0572
5924,0.9741
5925,0.9943
5926,0.9975
5927,0.9466
5928,0.9811
5929,0.2749
5930,0.8112
5931,0.9977
5932,0.9933
5933,0.9661
5934,0.8209
5935,0.0919
5936,0.9674
5937,0.9138
5938,0.9971
5939,0.0466
5940,0.9990
5941,0.0505
5942,0.9559
5943,0.9806
5944,0.9951
5945,0.9808
5946,0.6342
5947,0.9276
5948,0.1820
5949,0.2742
5950,0.0146
5951,0.5515
5952,0.9732
5953,0.2914
5954,0.9246
5955,0.2313
5956,0.9705
5957,0.9755
5958,0.9891
5959,0.5018
5960,0.9891
5961,0.1916
5962,0.8201
5963,0.5913
5964,0.3315
5965,0.9806
5966,0.9891
5967,0.9871
5968,0.9996
5969,0.1414
5970,0.9183
5971,0.5634
5972,0.1711
5973,0.7204
5974,0.9465
5975,0.7921
5976,0.5037
5977,0.9874
5978,0.9970
5979,0.9555
5980,0.5463
5981,0.9533
5982,0.9896
5983,0.9121
5984,0.5424
5985,0.9848
5986,0.4806
5987,0.9917
5988,0.8585
5989,0.6412
5990,0.4123
5991,0.1903
5992,0.9873
5993,0.9688
5994,0.3472
5995,0.9787
5996,0.9967
5997,0.9692
5998,0.9966
5999,0.3288
6000,0.1563
6001,0.9888
6002,0.9996
6003,0.9053
6004,0.6502
6005,0.8480
6006,0.2227
6007,0.9527
6008,0.9902
6009,0.8729
6010,0.4904
6011,0.6288
6012,0.3138
6013,0.9973
6014,0.7175
6015,0.6166
6016,0.9797
6017,0.7944
6018,0.9936
6019,0.4053
6020,0.6832
6021,0.9994
6022,0.9723
6023,0.9924
6024,0.1720
6025,0.5827
6026,0.9686
6027,0.0116
6028,0.9800
6029,0.8364
6030,0.9559
6031,0.7335
6032,0.8012
6033,0.9282
6034,0.9391
6035,0.0150
6036,0.6507
6037,0.4946
6038,0.9974
6039,0.9616
6040,0.9630
6041,0.9891
6042,0.5216
6043,0.6883
6044,0.8734
6045,0.1732
6046,0.9717
6047,0.1422
6048,0.9921
6049,0.9939
6050,0.2777
6051,0.9999
6052,0.2926
6053,0.9200
6054,0.8708
6055,0.9266
6056,0.5365
6057,0.9468
6058,0.7662
6059,0.9901
6060,0.4143
6061,0.3699
6062,0.8074
6063,0.9916
6064,0.6659
6065,0.9139
6066,0.9207
6067,0.9731
6068,0.1525
6069,0.1358
6070,0.3309
6071,0.0880
6072,0.9876
6073,0.9977
6074,0.9346
6075,0.1792
6076,0.2877
6077,0.3525
6078,0.9671
6079,0.9961
6080,0.9977
6081,0.8398
6082,0.3624
6083,0.8442
6084,0.3214
6085,0.9951
6086,0.9949
6087,0.9952
6088,0.9956
6089,0.9980
6090,0.1940
6091,0.9641
6092,0.9260
6093,0.3299
6094,0.8583
6095,0.9693
6096,0.7278
6097,0.2255
6098,0.9839
6099,0.2925
6100,0.9934
6101,0.9685
6102,0.9890
6103,0.7404
6104,0.4740
6105,0.1737
6106,0.9765
6107,0.9976
6108,0.6160
6109,0.9931
6110,0.8811
6111,0.9950
6112,0.9880
6113,0.9666
6114,0.9551
6115,0.9916
6116,0.9934
6117,0.5072
6118,0.9704
6119,0.0669
6120,0.7206
6121,0.9981
6122,0.9994
6123,0.1412
6124,0.6967
6125,0.0554
6126,0.9759
6127,0.9963
6128,0.9406
6129,0.9752
6130,0.2474
6131,0.0638
6132,0.8655
6133,0.9944
6134,0.9919
6135,0.2582
6136,0.9947
6137,0.1446
6138,0.6779
6139,0.9774
6140,0.8547
6141,0.9996
6142,0.9784
6143,0.1246
6144,0.9157
6145,0.9361
6146,0.9972
6147,0.8656
6148,0.7373
6149,0.9742
6150,0.7498
6151,0.9709
6152,0.9953
6153,0.9796
6154,0.4347
6155,0.9623
6156,0.5290
6157,0.9392
6158,0.6286
6159,0.9760
6160,0.9040
6161,0.4907
6162,0.8589
6163,0.4013
6164,0.9842
6165,0.0830
6166,0.9810
6167,0.1563
6168,0.9953
6169,0.9842
6170,0.9087
6171,0.7192
6172,0.9849
6173,0.9528
6174,0.5561
6175,0.6203
6176,0.9703
6177,0.4127
6178,0.9959
6179,0.8381
6180,0.9881
6181,0.9875
6182,0.9971
6183,0.4445
6184,0.9900
6185,0.9872
6186,0.9362
6187,0.9535
6188,0.9956
6189,0.9399
6190,0.9901
6191,0.1521
6192,0.9700
6193,0.9784
6194,0.9766
6195,0.5844
6196,0.2317
6197,0.7166
6198,0.9920
6199,0.9979
6200,0.1979
6201,0.9705
6202,0.5183
6203,0.9903
6204,0.9896
6205,0.9922
6206,0.9940
6207,0.9793
6208,0.8180
6209,0.1128
6210,0.1219
6211,0.9809
6212,0.9822
6213,0.9880
6214,0.9933
6215,0.9558
6216,0.2354
6217,0.9951
6218,0.9359
6219,0.9929
6220,0.9960
6221,0.9638
6222,0.8137
6223,0.9981
6224,0.7178
6225,0.4268
6226,0.9430
6227,0.9863
6228,0.1208
6229,0.9685
6230,0.9724
6231,0.9974
6232,0.5626
6233,0.9647
6234,0.9184
6235,0.6244
6236,0.9946
6237,0.6725
6238,0.9974
6239,0.6196
6240,0.8731
6241,0.2418
6242,0.9451
6243,0.7114
6244,0.4398
6245,0.9712
6246,0.8918
6247,0.4054
6248,0.9979
6249,0.9970
6250,0.9989
6251,0.6771
6252,0.9994
6253,0.7988
6254,0.9874
6255,0.8492
6256,0.9911
6257,0.9758
6258,0.8220
6259,0.2728
6260,0.5921
6261,0.9591
6262,0.4056
6263,0.9997
6264,0.9966
6265,0.0826
6266,0.4618
6267,0.8062
6268,0.0593
6269,0.9889
6270,0.7802
6271,0.1522
6272,0.6918
6273,0.9992
6274,0.5045
6275,0.7355
6276,0.9594
6277,0.8505
6278,0.5621
6279,0.9726
6280,0.9977
6281,0.0823
6282,0.1589
6283,0.9972
6284,0.7102
6285,0.9885
6286,0.2276
6287,0.4874
6288,0.0163
6289,0.4160
6290,0.9810
6291,0.2570
6292,0.4790
6293,0.9755
6294,0.9967
6295,0.9864
6296,0.8061
6297,0.9957
6298,0.2165
6299,0.6406
6300,0.9987
6301,0.7851
6302,0.4066
6303,0.3876
6304,0.9643
6305,0.2084
6306,0.2932
6307,0.9947
6308,0.1091
6309,0.2834
6310,0.3972
6311,0.7144
6312,0.9453
6313,0.9848
6314,0.9850
6315,0.6877
6316,0.7998
6317,0.5864
6318,0.9928
6319,0.5592
6320,0.9803
6321,0.2569
6322,0.5427
6323,0.9989
6324,0.9178
6325,0.4836
6326,0.2476
6327,0.9992
6328,0.9969
6329,0.9917
6330,0.7864
6331,0.9786
6332,0.9605
6333,0.9948
6334,0.9904
6335,0.9824
6336,0.3598
6337,0.5761
6338,0.9988
6339,0.9753
6340,0.9886
6341,0.9567
6342,0.9836
6343,0.9890
6344,0.9949
6345,0.5347
6346,0.9464
6347,0.7523
6348,0.9183
6349,0.9063
6350,0.5964
6351,0.9281
6352,0.4914
6353,0.3307
6354,0.6214
6355,0.9179
6356,0.8690
6357,0.9845
6358,0.9786
6359,0.5738
6360,0.9996
6361,0.9454
6362,0.7878
6363,0.9987
6364,0.1225
6365,0.9966
6366,0.8838
6367,0.9991
6368,0.9975
6369,0.9449
6370,0.7013
6371,0.9569
6372,0.8072
6373,0.9617
6374,0.9891
6375,0.6073
6376,0.3286
6377,0.9153
6378,0.9779
6379,0.9591
6380,0.9987
6381,0.9953
6382,0.9603
6383,0.7134
6384,0.2869
6385,0.0269
6386,0.9817
6387,0.5231
6388,0.9924
6389,0.9295
6390,0.9981
6391,0.9259
6392,0.4941
6393,0.4012
6394,0.8666
6395,0.6441
6396,0.0408
6397,0.1378
6398,0.9676
6399,0.9798
6400,0.3752
6401,0.8860
6402,0.3620
6403,0.1011
6404,0.9984
6405,0.9876
6406,0.1469
6407,0.9959
6408,0.1358
6409,0.5948
6410,0.8996
6411,0.8025
6412,0.8096
6413,0.9980
6414,0.9926
6415,0.5974
6416,0.9932
6417,0.9736
6418,0.9978
6419,0.2712
6420,0.9804
6421,0.8739
6422,0.3427
6423,0.9821
6424,0.9974
6425,0.9902
6426,0.8471
6427,0.7360
6428,0.4767
6429,0.1360
6430,0.0737
6431,0.5202
6432,0.3291
6433,0.9887
6434,0.9273
6435,0.9991
6436,0.9974
6437,0.2648
6438,0.9967
6439,0.9969
6440,0.9684
6441,0.9809
6442,0.2059
6443,0.7547
6444,0.2652
6445,0.6616
6446,0.9791
6447,0.9696
6448,0.8974
6449,0.9860
6450,0.7570
6451,0.9627
6452,0.9643
6453,0.6526
6454,0.8919
6455,0.9514
6456,0.1597
6457,0.9204
6458,0.9660
6459,0.0748
6460,0.9846
6461,0.9692
6462,0.9984
6463,0.6058
6464,0.2262
6465,0.9873
6466,0.9931
6467,0.5040
6468,0.9839
6469,0.2463
6470,0.1937
6471,0.2573
6472,0.9859
6473,0.1764
6474,0.9823
6475,0.9951
6476,0.2744
6477,0.9609
6478,0.6741
6479,0.9845
6480,0.9972
6481,0.9156
6482,0.9963
6483,0.6690
6484,0.9636
6485,0.9966
6486,0.0294
6487,0.6308
6488,0.9913
6489,0.5358
6490,0.9479
6491,0.9963
6492,0.8834
6493,0.9683
6494,0.9348
6495,0.7586
6496,0.9912
6497,0.4111
6498,0.8888
6499,0.9804
6500,0.9612
6501,0.7453
6502,0.9378
6503,0.9886
6504,0.9887
6505,0.3324
6506,0.0924
6507,0.3292
6508,0.9921
6509,0.9677
6510,0.7066
6511,0.9401
6512,0.7852
6513,0.9932
6514,0.7703
6515,0.9668
6516,0.9272
6517,0.1005
6518,0.9882
6519,0.4963
6520,0.4448
6521,0.8915
6522,0.5088
6523,0.1560
6524,0.9994
6525,0.4801
6526,0.9998
6527,0.8906
6528,0.6806
6529,0.7829
6530,0.9895
6531,0.3074
6532,0.1111
6533,0.9516
6534,0.5971
6535,0.2258
6536,0.4945
6537,0.9791
6538,0.4314
6539,0.6438
6540,0.9470
6541,0.9941
6542,0.0824
6543,0.7652
6544,0.4244
6545,0.4826
6546,0.6592
6547,0.9499
6548,0.2157
6549,0.7082
6550,0.9585
6551,0.7450
6552,0.9984
6553,0.8947
6554,0.9427
6555,0.4924
6556,0.9996
6557,0.2130
6558,0.9801
6559,0.8706
6560,0.9944
6561,0.9005
6562,0.9977
6563,0.7238
6564,0.9617
6565,0.9656
6566,0.3750
6567,0.9079
6568,0.9965
6569,0.6377
6570,0.5833
6571,0.3184
6572,0.9968
6573,0.0816
6574,0.3922
6575,0.9921
6576,0.9926
6577,0.1612
6578,0.8806
6579,0.3909
6580,0.9841
6581,0.9956
6582,0.9792
6583,0.3364
6584,0.9123
6585,0.9858
6586,0.8311
6587,0.9782
6588,0.4255
6589,0.9889
6590,0.9780
6591,0.9425
6592,0.9677
6593,0.8144
6594,0.8446
6595,0.2329
6596,0.9867
6597,0.6197
6598,0.1722
6599,0.2358
6600,0.5884
6601,0.9859
6602,0.9183
6603,0.0332
6604,0.8229
6605,0.9800
6606,0.9791
6607,0.4373
6608,0.6275
6609,0.4784
6610,0.2467
6611,0.9965
6612,0.2096
6613,0.9736
6614,0.9851
6615,0.9950
6616,0.9853
6617,0.5643
6618,0.4635
6619,0.0524
6620,0.5088
6621,0.7149
6622,0.5436
6623,0.9868
6624,0.6001
6625,0.7200
6626,0.0056
6627,0.5175
6628,0.7044
6629,0.9777
6630,0.9970
6631,0.8472
6632,0.9819
6633,0.9963
6634,0.9900
6635,0.0193
6636,0.8387
6637,0.9480
6638,0.8991
6639,0.8468
6640,0.8766
6641,0.9974
6642,0.6017
6643,0.9993
6644,0.5344
6645,0.8467
6646,0.9931
6647,0.8860
6648,0.7834
6649,0.7657
6650,0.7788
6651,0.9960
6652,0.6253
6653,0.0841
6654,0.3209
6655,0.4162
6656,0.9964
6657,0.7454
6658,0.9719
6659,0.9407
6660,0.9685
6661,0.9970
6662,0.9622
6663,0.7806
6664,0.4302
6665,0.0642
6666,0.5199
6667,0.2323
6668,0.9931
6669,0.9961
6670,0.9979
6671,0.9833
6672,0.6973
6673,0.7258
6674,0.6705
6675,0.5466
6676,0.9912
6677,0.9974
6678,0.1783
6679,0.9970
6680,0.9980
6681,0.7933
6682,0.8030
6683,0.9239
6684,0.9843
6685,0.0100
6686,0.0853
6687,0.5166
6688,0.3122
6689,0.9479
6690,0.8274
6691,0.9932
6692,0.9215
6693,0.9959
6694,0.9967
6695,0.9793
6696,0.9951
6697,0.4194
6698,0.9422
6699,0.2855
6700,0.7596
6701,0.5515
6702,0.3452
6703,0.9005
6704,0.9921
6705,0.9951
6706,0.1517
6707,0.2205
6708,0.4025
6709,0.3461
6710,0.9971
6711,0.8455
6712,0.1312
6713,0.2171
6714,0.9545
6715,0.9895
6716,0.9629
6717,0.9762
6718,0.1068
6719,0.9909
6720,0.7972
6721,0.7607
6722,0.9938
6723,0.0545
6724,0.9640
6725,0.8907
6726,0.9992
6727,0.2253
6728,0.4572
6729,0.9917
6730,0.9968
6731,0.8514
6732,0.6191
6733,0.9947
6734,0.9980
6735,0.8488
6736,0.9338
6737,0.0971
6738,0.2335
6739,0.9945
6740,0.7292
6741,0.6666
6742,0.9317
6743,0.9887
6744,0.9698
6745,0.9271
6746,0.3194
6747,0.0141
6748,0.6695
6749,0.8911
6750,0.6434
6751,0.9225
6752,0.0597
6753,0.5997
6754,0.9799
6755,0.9788
6756,0.9860
6757,0.9826
6758,0.9940
6759,0.3149
6760,0.5704
6761,0.9588
6762,0.9815
6763,0.9859
6764,0.9064
6765,0.1896
6766,0.5952
6767,0.3347
6768,0.5565
6769,0.9653
6770,0.9897
6771,0.1965
6772,0.7018
6773,0.3796
6774,0.9982
6775,0.2910
6776,0.5336
6777,0.0541
6778,0.4869
6779,0.9992
6780,0.0623
6781,0.1817
6782,0.9975
6783,0.1513
6784,0.5788
6785,0.9817
6786,0.9926
6787,0.9959
6788,0.9935
6789,0.9962
6790,0.9982
6791,0.9851
6792,0.9755
6793,0.9872
6794,0.9952
6795,0.9842
6796,0.9905
6797,0.4915
6798,0.9961
6799,0.8177
6800,0.8561
6801,0.9982
6802,0.5497
6803,0.7122
6804,0.9952
6805,0.5606
6806,0.2667
6807,0.9542
6808,0.7672
6809,0.9753
6810,0.9984
6811,0.9624
6812,0.9982
6813,0.3378
6814,0.1746
6815,0.9932
6816,0.5023
6817,0.9930
6818,0.5887
6819,0.2835
6820,0.9827
6821,0.6105
6822,0.9716
6823,0.9975
6824,0.9643
6825,0.4284
6826,0.9671
6827,0.9994
6828,0.9986
6829,0.9752
6830,0.6106
6831,0.2942
6832,0.1291
6833,0.9552
6834,0.9988
6835,0.9289
6836,0.2597
6837,0.1191
6838,0.7886
6839,0.8816
6840,0.6123
6841,0.9663
6842,0.9678
6843,0.0955
6844,0.8412
6845,0.9480
6846,0.0647
6847,0.8747
6848,0.3686
6849,0.0116
6850,0.9599
6851,0.5409
6852,0.9053
6853,0.9971
6854,0.0909
6855,0.9942
6856,0.7861
6857,0.0448
6858,0.2138
6859,0.9994
6860,0.9853
6861,0.7482
6862,0.9881
6863,0.4973
6864,0.9980
6865,0.1236
6866,0.9213
6867,0.3828
6868,0.7022
6869,0.9985
6870,0.3794
6871,0.6195
6872,0.9973
6873,0.9214
6874,0.9994
6875,0.6346
6876,0.9952
6877,0.6249
6878,0.2044
6879,0.9958
6880,0.9510
6881,0.9976
6882,0.9963
6883,0.5606
6884,0.3383
6885,0.0203
6886,0.2695
6887,0.0589
6888,0.6216
6889,0.0915
6890,0.9934
6891,0.9752
6892,0.9994
6893,0.7204
6894,0.3051
6895,0.6016
6896,0.1098
6897,0.7125
6898,0.8429
6899,0.9830
6900,0.9310
6901,0.9941
6902,0.9974
6903,0.0378
6904,0.0487
6905,0.5932
6906,0.5908
6907,0.0632
6908,0.6035
6909,0.2977
6910,0.0372
6911,0.7608
6912,0.9977
6913,0.9620
6914,0.5192
6915,0.9964
6916,0.4414
6917,0.9593
6918,0.4447
6919,0.3854
6920,0.6860
6921,0.6726
6922,0.3773
6923,0.9966
6924,0.3729
6925,0.9802
6926,0.8976
6927,0.2577
6928,0.9921
6929,0.5178
6930,0.9920
6931,0.1153
6932,0.2372
6933,0.9990
6934,0.2944
6935,0.9739
6936,0.9988
6937,0.6562
6938,0.9978
6939,0.2569
6940,0.9917
6941,0.9188
6942,0.9165
6943,0.8643
6944,0.9806
6945,0.9893
6946,0.9900
6947,0.9943
6948,0.9768
6949,0.6471
6950,0.9827
6951,0.9918
6952,0.8427
6953,0.9662
6954,0.9820
6955,0.9837
6956,0.9745
6957,0.3045
6958,0.9968
6959,0.9802
6960,0.7985
6961,0.5090
6962,0.8743
6963,0.3332
6964,0.8486
6965,0.2491
6966,0.2600
6967,0.5641
6968,0.9916
6969,0.9894
6970,0.9943
6971,0.9984
6972,0.8547
6973,0.8990
6974,0.9846
6975,0.6391
6976,0.1207
6977,0.5282
6978,0.1981
6979,0.9945
6980,0.9798
6981,0.9866
6982,0.9968
6983,0.4812
6984,0.2960
6985,0.3573
6986,0.9902
6987,0.3702
6988,0.9988
6989,0.7127
6990,0.8371
6991,0.8187
6992,0.6837
6993,0.9836
6994,0.6919
6995,0.2172
6996,0.9909
6997,0.3385
6998,0.8525
6999,0.5620
7000,0.6385
7001,0.5574
7002,0.5459
7003,0.3880
7004,0.9878
7005,0.0377
7006,0.1751
7007,0.4833
7008,0.9396
7009,0.9828
7010,0.8730
7011,0.1143
7012,0.9883
7013,0.5638
7014,0.9274
7015,0.9997
7016,0.9236
7017,0.9847
7018,0.9672
7019,0.9809
7020,0.9089
7021,0.9683
7022,0.4814
7023,0.7338
7024,0.9867
7025,0.3444
7026,0.9938
7027,0.9982
7028,0.8830
7029,0.9105
7030,0.2365
7031,0.8228
7032,0.8724
7033,0.0571
7034,0.1062
7035,0.9844
7036,0.9932
7037,0.8231
7038,0.9931
7039,0.9637
7040,0.3103
7041,0.5357
7042,0.9643
7043,0.8860
7044,0.2553
7045,0.3743
7046,0.9403
7047,0.1326
7048,0.6508
7049,0.8931
7050,0.9610
7051,0.7170
7052,0.8291
7053,0.9936
7054,0.6182
7055,0.6681
7056,0.9986
7057,0.9265
7058,0.9734
7059,0.9972
7060,0.4549
7061,0.6096
7062,0.1967
7063,0.4891
7064,0.8477
7065,0.9992
7066,0.9338
7067,0.9781
7068,0.7492
7069,0.9420
7070,0.9932
7071,0.9993
7072,0.4926
7073,0.9974
7074,0.0657
7075,0.8716
7076,0.9990
7077,0.7465
7078,0.4434
7079,0.9620
7080,0.9997
7081,0.9303
7082,0.7648
7083,0.4509
7084,0.5979
7085,0.7949
7086,0.9166
7087,0.9981
7088,0.4060
7089,0.6569
7090,0.4174
7091,0.9976
7092,0.9861
7093,0.1715
7094,0.5174
7095,0.9180
7096,0.4507
7097,0.9599
7098,0.7579
7099,0.9842
7100,0.2792
7101,0.4604
7102,0.9064
7103,0.5996
7104,0.8438
7105,0.9956
7106,0.5977
7107,0.2611
7108,0.9911
7109,0.5300
7110,0.9662
7111,0.9737
7112,0.9855
7113,0.9362
7114,0.4526
7115,0.8607
7116,0.5501
7117,0.3121
7118,0.9977
7119,0.9948
7120,0.3393
7121,0.6749
7122,0.0017
7123,0.3901
7124,0.9621
7125,0.9482
7126,0.9630
7127,0.9413
7128,0.3465
7129,0.7149
7130,0.9821
7131,0.1176
7132,0.9920
7133,0.5089
7134,0.9840
7135,0.9935
7136,0.9990
7137,0.8606
7138,0.8891
7139,0.8992
7140,0.9444
7141,0.7391
7142,0.7877
7143,0.8726
7144,0.7197
7145,0.9967
7146,0.9971
7147,0.6406
7148,0.3310
7149,0.8470
7150,0.5865
7151,0.1575
7152,0.9043
7153,0.9567
7154,0.2186
7155,0.9315
7156,0.9825
7157,0.9443
7158,0.9844
7159,0.9840
7160,0.0417
7161,0.9559
7162,0.4993
7163,0.9854
7164,0.1740
7165,0.9753
7166,0.7220
7167,0.9223
7168,0.4063
7169,0.6881
7170,0.7059
7171,0.6580
7172,0.5159
7173,0.9856
7174,0.4940
7175,0.3949
7176,0.0455
7177,0.4634
7178,0.5828
7179,0.2668
7180,0.9740
7181,0.9726
7182,0.9659
7183,0.9430
7184,0.7779
7185,0.9496
7186,0.9493
7187,0.9908
7188,0.6493
7189,0.9967
7190,0.8626
7191,0.1383
7192,0.8627
7193,0.3552
7194,0.9946
7195,0.9974
7196,0.9855
7197,0.9997
7198,0.2112
7199,0.9752
7200,0.9497
7201,0.1719
7202,0.8295
7203,0.9511
7204,0.9753
7205,0.7344
7206,0.9946
7207,0.9780
7208,0.3316
7209,0.3417
7210,0.8753
7211,0.9942
7212,0.3971
7213,0.9579
7214,0.9420
7215,0.1208
7216,0.9788
7217,0.6901
7218,0.9974
7219,0.1591
7220,0.4419
7221,0.3056
7222,0.9496
7223,0.9874
7224,0.8976
7225,0.9767
7226,0.9977
7227,0.9877
7228,0.1847
7229,0.9986
7230,0.4768
7231,0.9815
7232,0.9975
7233,0.0198
7234,0.2165
7235,0.9949
7236,0.3290
7237,0.9533
7238,0.9804
7239,0.9536
7240,0.9909
7241,0.5986
7242,0.9620
7243,0.9951
7244,0.0505
7245,0.9893
7246,0.9468
7247,0.9914
7248,0.9950
7249,0.9984
7250,0.9728
7251,0.7292
7252,0.9964
7253,0.2012
7254,0.9439
7255,0.8558
7256,0.6447
7257,0.3258
7258,0.9974
7259,0.9818
7260,0.9665
7261,0.4782
7262,0.9994
7263,0.1619
7264,0.9891
7265,0.9924
7266,0.9554
7267,0.9490
7268,0.3032
7269,0.2384
7270,0.5059
7271,0.9960
7272,0.6848
7273,0.9510
7274,0.8886
7275,0.6958
7276,0.0385
7277,0.4283
7278,0.9968
7279,0.0422
7280,0.9802
7281,0.0147
7282,0.5562
7283,0.1229
7284,0.6867
7285,0.7268
7286,0.9941
7287,0.8308
7288,0.3601
7289,0.7697
7290,0.9980
7291,0.9846
7292,0.9886
7293,0.7899
7294,0.0994
7295,0.9880
7296,0.9926
7297,0.3768
7298,0.0916
7299,0.2311
7300,0.9986
7301,0.6847
7302,0.9852
7303,0.9866
7304,0.9480
7305,0.9990
7306,0.2700
7307,0.9934
7308,0.9801
7309,0.5346
7310,0.5386
7311,0.9772
7312,0.9918
7313,0.9949
7314,0.9975
7315,0.0723
7316,0.9824
7317,0.3133
7318,0.0570
7319,0.9993
7320,0.9762
7321,0.9936
7322,0.9756
7323,0.1993
7324,0.6177
7325,0.3030
7326,0.4529
7327,0.4301
7328,0.7882
7329,0.3353
7330,0.9949
7331,0.4948
7332,0.6600
7333,0.9924
7334,0.9075
7335,0.6841
7336,0.8736
7337,0.1747
7338,0.3790
7339,0.8366
7340,0.9757
7341,0.9639
7342,0.2784
7343,0.9924
7344,0.4143
7345,0.9422
7346,0.5019
7347,0.9996
7348,0.5957
7349,0.9946
7350,0.9996
7351,0.3546
7352,0.2227
7353,0.6664
7354,0.6632
7355,0.8585
7356,0.0471
7357,0.8340
7358,0.9980
7359,0.9933
7360,0.9942
7361,0.3704
7362,0.9788
7363,0.1499
7364,0.4772
7365,0.9947
7366,0.5647
7367,0.4206
7368,0.9437
7369,0.1223
7370,0.9841
7371,0.0326
7372,0.4894
7373,0.8816
7374,0.0401
7375,0.4319
7376,0.9989
7377,0.4526
7378,0.9642
7379,0.6966
7380,0.9753
7381,0.9965
7382,0.2070
7383,0.9933
7384,0.2365
7385,0.2632
7386,0.9631
7387,0.7827
7388,0.9727
7389,0.9988
7390,0.1894
7391,0.1424
7392,0.9856
7393,0.9982
7394,0.9988
7395,0.9926
7396,0.9944
7397,0.9953
7398,0.4911
7399,0.9921
7400,0.9823
7401,0.5648
7402,0.9597
7403,0.9968
7404,0.8877
7405,0.7993
7406,0.9969
7407,0.8746
7408,0.8451
7409,0.0477
7410,0.9570
7411,0.4005
7412,0.5509
7413,0.0618
7414,0.7970
7415,0.0640
7416,0.8120
7417,0.9859
7418,0.7186
7419,0.9365
7420,0.3985
7421,0.9910
7422,0.9912
7423,0.9960
7424,0.3376
7425,0.9488
7426,0.4707
7427,0.7790
7428,0.9815
7429,0.1480
7430,0.9945
7431,0.0814
7432,0.7150
7433,0.9648
7434,0.6271
7435,0.9784
7436,0.9819
7437,0.9813
7438,0.9873
7439,0.9686
7440,0.4374
7441,0.9928
7442,0.3240
7443,0.9928
7444,0.8706
7445,0.9973
7446,0.2462
7447,0.5020
7448,0.4684
7449,0.6987
7450,0.9968
7451,0.8586
7452,0.2724
7453,0.4559
7454,0.3445
7455,0.0160
7456,0.9765
7457,0.6615
7458,0.9948
7459,0.9876
7460,0.2140
7461,0.7566
7462,0.4020
7463,0.9723
7464,0.0210
7465,0.9857
7466,0.9960
7467,0.9751
7468,0.2995
7469,0.0364
7470,0.9975
7471,0.9397
7472,0.9929
7473,0.2722
7474,0.1123
7475,0.5514
7476,0.9832
7477,0.9979
7478,0.9968
7479,0.8336
7480,0.9725
7481,0.9972
7482,0.9944
7483,0.5048
7484,0.9995
7485,0.8479
7486,0.8083
7487,0.9570
7488,0.9774
7489,0.9945
7490,0.3445
7491,0.1680
7492,0.3153
7493,0.9409
7494,0.9960
7495,0.9949
7496,0.3969
7497,0.8891
7498,0.9591
7499,0.9775
7500,0.2644
7501,0.6934
7502,0.8806
7503,0.3030
7504,0.7625
7505,0.9916
7506,0.7426
7507,0.4432
7508,0.1617
7509,0.8096
7510,0.9874
7511,0.5541
7512,0.8165
7513,0.8100
7514,0.1422
7515,0.9613
7516,0.9001
7517,0.8781
7518,0.9674
7519,0.9941
7520,0.0280
7521,0.0874
7522,0.9842
7523,0.4919
7524,0.0050
7525,0.9975
7526,0.2947
7527,0.1058
7528,0.9816
7529,0.9834
7530,0.9964
7531,0.2937
7532,0.9890
7533,0.0387
7534,0.9975
7535,0.1966
7536,0.9829
7537,0.9953
7538,0.7481
7539,0.4789
7540,0.5146
7541,0.9951
7542,0.3176
7543,0.4025
7544,0.9849
7545,0.7726
7546,0.3265
7547,0.2230
7548,0.9932
7549,0.9987
7550,0.1912
7551,0.0568
7552,0.9196
7553,0.0453
7554,0.1777
7555,0.4122
7556,0.5843
7557,0.3579
7558,0.9891
7559,0.9625
7560,0.9647
7561,0.9926
7562,0.9965
7563,0.2262
7564,0.9963
7565,0.0891
7566,0.7756
7567,0.7871
7568,0.9543
7569,0.9929
7570,0.9803
7571,0.9105
7572,0.9853
7573,0.7098
7574,0.1803
7575,0.6518
7576,0.0551
7577,0.4661
7578,0.9884
7579,0.8830
7580,0.1640
7581,0.8296
7582,0.9425
7583,0.3489
7584,0.8674
7585,0.9552
7586,0.2908
7587,0.9903
7588,0.9652
7589,0.5810
7590,0.9902
7591,0.7768
7592,0.9918
7593,0.2709
7594,0.9920
7595,0.9953
7596,0.5865
7597,0.3128
7598,0.7497
7599,0.2866
7600,0.9758
7601,0.9410
7602,0.9852
7603,0.1565
7604,0.9804
7605,0.9830
7606,0.1904
7607,0.5357
7608,0.9277
7609,0.9855
7610,0.9462
7611,0.8687
7612,0.8460
7613,0.2093
7614,0.7975
7615,0.8070
7616,0.9887
7617,0.9247
7618,0.8648
7619,0.9608
7620,0.5019
7621,0.8648
7622,0.6350
7623,0.8212
7624,0.9804
7625,0.9957
7626,0.9983
7627,0.0770
7628,0.4568
7629,0.1374
7630,0.2393
7631,0.9971
7632,0.9541
7633,0.3278
7634,0.6999
7635,0.4959
7636,0.9940
7637,0.5516
7638,0.1448
7639,0.9856
7640,0.9573
7641,0.8803
7642,0.8964
7643,0.9974
7644,0.2959
7645,0.9965
7646,0.1064
7647,0.2621
7648,0.9989
7649,0.8954
7650,0.9889
7651,0.9204
7652,0.9997
7653,0.4282
7654,0.1461
7655,0.9920
7656,0.9805
7657,0.9644
7658,0.2328
7659,0.5074
7660,0.9970
7661,0.9809
7662,0.7128
7663,0.6520
7664,0.0508
7665,0.6507
7666,0.9841
7667,0.7408
7668,0.9995
7669,0.9765
7670,0.3666
7671,0.7602
7672,0.5895
7673,0.9944
7674,0.9952
7675,0.0355
7676,0.9855
7677,0.7458
7678,0.1173
7679,0.9734
7680,0.9948
7681,0.4048
7682,0.7059
7683,0.5770
7684,0.4739
7685,0.2111
7686,0.7940
7687,0.9850
7688,0.9963
7689,0.2800
7690,0.8765
7691,0.9857
7692,0.1677
7693,0.9832
7694,0.2622
7695,0.9830
7696,0.9940
7697,0.9801
7698,0.9932
7699,0.9802
7700,0.9961
7701,0.9984
7702,0.9973
7703,0.9312
7704,0.4957
7705,0.1408
7706,0.9704
7707,0.9980
7708,0.9991
7709,0.8269
7710,0.9654
7711,0.1341
7712,0.1951
7713,0.8336
7714,0.9533
7715,0.8960
7716,0.9662
7717,0.9676
7718,0.9923
7719,0.1765
7720,0.1731
7721,0.9791
7722,0.9169
7723,0.5805
7724,0.9979
7725,0.9706
7726,0.6281
7727,0.5270
7728,0.6629
7729,0.8230
7730,0.4464
7731,0.9453
7732,0.9918
7733,0.9647
7734,0.4260
7735,0.8523
7736,0.1970
7737,0.9298
7738,0.9648
7739,0.9509
7740,0.9794
7741,0.5858
7742,0.6998
7743,0.9838
7744,0.9956
7745,0.9881
7746,0.9427
7747,0.5358
7748,0.3656
7749,0.9820
7750,0.9873
7751,0.9974
7752,0.0472
7753,0.0436
7754,0.0453
7755,0.9876
7756,0.9944
7757,0.5342
7758,0.6964
7759,0.2257
7760,0.9761
7761,0.3685
7762,0.5339
7763,0.1932
7764,0.9791
7765,0.9911
7766,0.8363
7767,0.9443
7768,0.2011
7769,0.1508
7770,0.4605
7771,0.1270
7772,0.9889
7773,0.7099
7774,0.9781
7775,0.9590
7776,0.6782
7777,0.9977
7778,0.9843
7779,0.6030
7780,0.9846
7781,0.5882
7782,0.4918
7783,0.8727
7784,0.1332
7785,0.9987
7786,0.9587
7787,0.8788
7788,0.5388
7789,0.3732
7790,0.9884
7791,0.1533
7792,0.6400
7793,0.5958
7794,0.7796
7795,0.9991
7796,0.7432
7797,0.3442
7798,0.8801
7799,0.4665
7800,0.9920
7801,0.9831
7802,0.9876
7803,0.2380
7804,0.7888
7805,0.0811
7806,0.9616
7807,0.6897
7808,0.0821
7809,0.9965
7810,0.9774
7811,0.9978
7812,0.9766
7813,0.9598
7814,0.3015
7815,0.2275
7816,0.1154
7817,0.9949
7818,0.9994
7819,0.0710
7820,0.9801
7821,0.8745
7822,0.9939
7823,0.5692
7824,0.9111
7825,0.9439
7826,0.4534
7827,0.9317
7828,0.9823
7829,0.0341
7830,0.8885
7831,0.7419
7832,0.2053
7833,0.2740
7834,0.5723
7835,0.5710
7836,0.1097
7837,0.9750
7838,0.1996
7839,0.9985
7840,0.0404
7841,0.9785
7842,0.6755
7843,0.9862
7844,0.5148
7845,0.0017
7846,0.5832
7847,0.9952
7848,0.7962
7849,0.7984
7850,0.4362
7851,0.6119
7852,0.3872
7853,0.9903
7854,0.9958
7855,0.4226
7856,0.7083
7857,0.9991
7858,0.0312
7859,0.9950
7860,0.6990
7861,0.9887
7862,0.9718
7863,0.0876
7864,0.9877
7865,0.1676
7866,0.9738
7867,0.7941
7868,0.9760
7869,0.6379
7870,0.9797
7871,0.3935
7872,0.5595
7873,0.3829
7874,0.9777
7875,0.9890
7876,0.9763
7877,0.9984
7878,0.1955
7879,0.9982
7880,0.8834
7881,0.9876
7882,0.3265
7883,0.9836
7884,0.9854
7885,0.6515
7886,0.0835
7887,0.5142
7888,0.3771
7889,0.2453
7890,0.9330
7891,0.9511
7892,0.9910
7893,0.9951
7894,0.5681
7895,0.8709
7896,0.9858
7897,0.7332
7898,0.9817
7899,0.2281
7900,0.1048
7901,0.7382
7902,0.9925
7903,0.9931
7904,0.0495
7905,0.2502
7906,0.9950
7907,0.3622
7908,0.8855
7909,0.9935
7910,0.9959
7911,0.9569
7912,0.9982
7913,0.1443
7914,0.9966
7915,0.4033
7916,0.9819
7917,0.0753
7918,0.6102
7919,0.9763
7920,0.9765
7921,0.4386
7922,0.6296
7923,0.9827
7924,0.5271
7925,0.9811
7926,0.9118
7927,0.9550
7928,0.9970
7929,0.9990
7930,0.1018
7931,0.7838
7932,0.9070
7933,0.8313
7934,0.3457
7935,0.9785
7936,0.7615
7937,0.0453
7938,0.9980
7939,0.9568
7940,0.9960
7941,0.9990
7942,0.2573
7943,0.9755
7944,0.0978
7945,0.9443
7946,0.9835
7947,0.9795
7948,0.9925
7949,0.1076
7950,0.9576
7951,0.9404
7952,0.9746
7953,0.9857
7954,0.1459
7955,0.9716
7956,0.8499
7957,0.2918
7958,0.0961
7959,0.9266
7960,0.1404
7961,0.8421
7962,0.9377
7963,0.9935
7964,0.9999
7965,0.9974
7966,0.9474
7967,0.7972
7968,0.4389
7969,0.9601
7970,0.9853
7971,0.1154
7972,0.2400
7973,0.9846
7974,0.8487
7975,0.3967
7976,0.5647
7977,0.9968
7978,0.9723
7979,0.5736
7980,0.9896
7981,0.9768
7982,0.2051
7983,0.9860
7984,0.9974
7985,0.9928
7986,0.9958
7987,0.9515
7988,0.9987
7989,0.9831
7990,0.9922
7991,0.2115
7992,0.9851
7993,0.1823
7994,0.4180
7995,0.9933
7996,0.9769
7997,0.8570
7998,0.2326
7999,0.9213
8000,0.5693
8001,0.9952
8002,0.5866
8003,0.9552
8004,0.9882
8005,0.9763
8006,0.9994
8007,0.1692
8008,0.0408
8009,0.9958
8010,0.6090
8011,0.9884
8012,0.4898
8013,0.6773
8014,0.7681
8015,0.9729
8016,0.8685
8017,0.9804
8018,0.2217
8019,0.9445
8020,0.9959
8021,0.2032
8022,0.9994
8023,0.6271
8024,0.9181
8025,0.1565
8026,0.0421
8027,0.6605
8028,0.9922
8029,0.9982
8030,0.2577
8031,0.9606
8032,0.2994
8033,0.9760
8034,0.9953
8035,0.4373
8036,0.9489
8037,0.9936
8038,0.9967
8039,0.9969
8040,0.9577
8041,0.6411
8042,0.3533
8043,0.4544
8044,0.9978
8045,0.0886
8046,0.5596
8047,0.0796
8048,0.9501
8049,0.2964
8050,0.9406
8051,0.3233
8052,0.9745
8053,0.9325
8054,0.9951
8055,0.9858
8056,0.7500
8057,0.7651
8058,0.9997
8059,0.5889
8060,0.9589
8061,0.9194
8062,0.9740
8063,0.9857
8064,0.4841
8065,0.9393
8066,0.4717
8067,0.9846
8068,0.9953
8069,0.9994
8070,0.9730
8071,0.3895
8072,0.9765
8073,0.9937
8074,0.9913
8075,0.8947
8076,0.9974
8077,0.5513
8078,0.9037
8079,0.3022
8080,0.9861
8081,0.6110
8082,0.9877
8083,0.4775
8084,0.8126
8085,0.8594
8086,0.9622
8087,0.5822
8088,0.9985
8089,0.8012
8090,0.9750
8091,0.3868
8092,0.4494
8093,0.2927
8094,0.7568
8095,0.1405
8096,0.3480
8097,0.1506
8098,0.8920
8099,0.9983
8100,0.2302
8101,0.9899
8102,0.9256
8103,0.9624
8104,0.5529
8105,0.9901
8106,0.4647
8107,0.9419
8108,0.4928
8109,0.9297
8110,0.7690
8111,0.9956
8112,0.1422
8113,0.9621
8114,0.9737
8115,0.4079
8116,0.8517
8117,0.6128
8118,0.7542
8119,0.8671
8120,0.6779
8121,0.9951
8122,0.0594
8123,0.9797
8124,0.7791
8125,0.5078
8126,0.8043
8127,0.7375
8128,0.9612
8129,0.7421
8130,0.9801
8131,0.9966
8132,0.9702
8133,0.9947
8134,0.1548
8135,0.9775
8136,0.9825
8137,0.9947
8138,0.9959
8139,0.2554
8140,0.9996
8141,0.6018
8142,0.9722
8143,0.0813
8144,0.9330
8145,0.6361
8146,0.1884
8147,0.3191
8148,0.9977
8149,0.3947
8150,0.9720
8151,0.9731
8152,0.4716
8153,0.3596
8154,0.6851
8155,0.5552
8156,0.9685
8157,0.2740
8158,0.1056
8159,0.3516
8160,0.9626
8161,0.9814
8162,0.3773
8163,0.5632
8164,0.9967
8165,0.8748
8166,0.8998
8167,0.9980
8168,0.9966
8169,0.9846
8170,0.9833
8171,0.6479
8172,0.9520
8173,0.7133
8174,0.9772
8175,0.9932
8176,0.9974
8177,0.9862
8178,0.9928
8179,0.4993
8180,0.3926
8181,0.9931
8182,0.2324
8183,0.9958
8184,0.1870
8185,0.4429
8186,0.9759
8187,0.9936
8188,0.9802
8189,0.8389
8190,0.6333
8191,0.9987
8192,0.9895
8193,0.9808
8194,0.9483
8195,0.9858
8196,0.6703
8197,0.9985
8198,0.9975
8199,0.9888
8200,0.4518
8201,0.8714
8202,0.4792
8203,0.9811
8204,0.9989
8205,0.2984
8206,0.7951
8207,0.7111
8208,0.8693
8209,0.8917
8210,0.9937
8211,0.8824
8212,0.2672
8213,0.9641
8214,0.7536
8215,0.9679
8216,0.8643
8217,0.0222
8218,0.6729
8219,0.9873
8220,0.9979
8221,0.9957
8222,0.2562
8223,0.5516
8224,0.4676
8225,0.9957
8226,0.9913
8227,0.8059
8228,0.6402
8229,0.1233
8230,0.8379
8231,0.5403
8232,0.4968
8233,0.5048
8234,0.9005
8235,0.9894
8236,0.8980
8237,0.2794
8238,0.4974
8239,0.4445
8240,0.9871
8241,0.5662
8242,0.9210
8243,0.7511
8244,0.4845
8245,0.9156
8246,0.3861
8247,0.9697
8248,0.9959
8249,0.3321
8250,0.9575
8251,0.4691
8252,0.9930
8253,0.9920
8254,0.9745
8255,0.9945
8256,0.9889
8257,0.6159
8258,0.2107
8259,0.9886
8260,0.9362
8261,0.8439
8262,0.8084
8263,0.9985
8264,0.8666
8265,0.9624
8266,0.3508
8267,0.9006
8268,0.8994
8269,0.9941
8270,0.9796
8271,0.9615
8272,0.6017
8273,0.9863
8274,0.9917
8275,0.9159
8276,0.9938
8277,0.8997
8278,0.9862
8279,0.1600
8280,0.0182
8281,0.9987
8282,0.1100
8283,0.9990
8284,0.7269
8285,0.7612
8286,0.9964
8287,0.5767
8288,0.7157
8289,0.6537
8290,0.9537
8291,0.9255
8292,0.3266
8293,0.8690
8294,0.8583
8295,0.8398
8296,0.3937
8297,0.0942
8298,0.9686
8299,0.9890
8300,0.4249
8301,0.9914
8302,0.5322
8303,0.6054
8304,0.9971
8305,0.9882
8306,0.5760
8307,0.9696
8308,0.9831
8309,0.9812
8310,0.9090
8311,0.4072
8312,0.4076
8313,0.8543
8314,0.9242
8315,0.9957
8316,0.9812
8317,0.9676
8318,0.9865
8319,0.8287
8320,0.3340
8321,0.9903
8322,0.9878
8323,0.6819
8324,0.9985
8325,0.9856
8326,0.8667
8327,0.9736
8328,0.3269
8329,0.5827
8330,0.0242
8331,0.9833
8332,0.8011
8333,0.7535
8334,0.1007
8335,0.9711
8336,0.8711
8337,0.9692
8338,0.7646
8339,0.9518
8340,0.9954
8341,0.1959
8342,0.3656
8343,0.1879
8344,0.7113
8345,0.9777
8346,0.9461
8347,0.2609
8348,0.5584
8349,0.9886
8350,0.9928
8351,0.6688
8352,0.9989
8353,0.9807
8354,0.9943
8355,0.9850
8356,0.9978
8357,0.9758
8358,0.3683
8359,0.1658
8360,0.6029
8361,0.0188
8362,0.2049
8363,0.5810
8364,0.8234
8365,0.9612
8366,0.4022
8367,0.9385
8368,0.4838
8369,0.9819
8370,0.3995
8371,0.9061
8372,0.9576
8373,0.4335
8374,0.9649
8375,0.9962
8376,0.9968
8377,0.7450
8378,0.9985
8379,0.9776
8380,0.9964
8381,0.9185
8382,0.3059
8383,0.9995
8384,0.7915
8385,0.9952
8386,0.6918
8387,0.9998
8388,0.7110
8389,0.9840
8390,0.7720
8391,0.9825
8392,0.0815
8393,0.2150
8394,0.9965
8395,0.9984
8396,0.5083
8397,0.7035
8398,0.3670
8399,0.7518
8400,0.9969
8401,0.4545
8402,0.9937
8403,0.2768
8404,0.9889
8405,0.9961
8406,0.0513
8407,0.6552
8408,0.9939
8409,0.9984
8410,0.9984
8411,0.3561
8412,0.9857
8413,0.9786
8414,0.7151
8415,0.9964
8416,0.9943
8417,0.9983
8418,0.8107
8419,0.9006
8420,0.5789
8421,0.9757
8422,0.2567
8423,0.6759
8424,0.9846
8425,0.4410
8426,0.9713
8427,0.9892
8428,0.6054
8429,0.5250
8430,0.5454
8431,0.3890
8432,0.6164
8433,0.8519
8434,0.9936
8435,0.7340
8436,0.0734
8437,0.9979
8438,0.9210
8439,0.7206
8440,0.4728
8441,0.9897
8442,0.4286
8443,0.9213
8444,0.9829
8445,0.6468
8446,0.9896
8447,0.5358
8448,0.3541
8449,0.1907
8450,0.6788
8451,0.3655
8452,0.2132
8453,0.8016
8454,0.5599
8455,0.9383
8456,0.1486
8457,0.9465
8458,0.3537
8459,0.9671
8460,0.9746
8461,0.9695
8462,0.0530
8463,0.5506
8464,0.9978
8465,0.9316
8466,0.9951
8467,0.7251
8468,0.9286
8469,0.9626
8470,0.9685
8471,0.8375
8472,0.9957
8473,0.0076
8474,0.2240
8475,0.9943
8476,0.5446
8477,0.9650
8478,0.7980
8479,0.9970
8480,0.0857
8481,0.2881
8482,0.1653
8483,0.6953
8484,0.9160
8485,0.9948
8486,0.2513
8487,0.4807
8488,0.9249
8489,0.2931
8490,0.8533
8491,0.4250
8492,0.1642
8493,0.1703
8494,0.9902
8495,0.6275
8496,0.9874
8497,0.0357
8498,0.2061
8499,0.9812
8500,0.9983
8501,0.9687
8502,0.9751
8503,0.9758
8504,0.8020
8505,0.6684
8506,0.1942
8507,0.5767
8508,0.1711
8509,0.9612
8510,0.9954
8511,0.6327
8512,0.2969
8513,0.9693
8514,0.7810
8515,0.0513
8516,0.9900
8517,0.9990
8518,0.9718
8519,0.6257
8520,0.9802
8521,0.9526
8522,0.8659
8523,0.3549
8524,0.1196
8525,0.9915
8526,0.9985
8527,0.9791
8528,0.9810
8529,0.9944
8530,0.9583
8531,0.1404
8532,0.9682
8533,0.5569
8534,0.9969
8535,0.9797
8536,0.3006
8537,0.9742
8538,0.9969
8539,0.9736
8540,0.9918
8541,0.7926
8542,0.6349
8543,0.4869
8544,0.9777
8545,0.9774
8546,0.6407
8547,0.9872
8548,0.9763
8549,0.1782
8550,0.2425
8551,0.5621
8552,0.7024
8553,0.5195
8554,0.9615
8555,0.7464
8556,0.0974
8557,0.9068
8558,0.7697
8559,0.9963
8560,0.8051
8561,0.9750
8562,0.9993
8563,0.9771
8564,0.9973
8565,0.9211
8566,0.0499
8567,0.0626
8568,0.8036
8569,0.5296
8570,0.1567
8571,0.1207
8572,0.3393
8573,0.8066
8574,0.7809
8575,0.3076
8576,0.9452
8577,0.9943
8578,0.3139
8579,0.3527
8580,0.9783
8581,0.2821
8582,0.8380
8583,0.6464
8584,0.9912
8585,0.5925
8586,0.7084
8587,0.9940
8588,0.9283
8589,0.9856
8590,0.9774
8591,0.9718
8592,0.6507
8593,0.7310
8594,0.9965
8595,0.9970
8596,0.8198
8597,0.6953
8598,0.3234
8599,0.9903
8600,0.3445
8601,0.9268
8602,0.6070
8603,0.9845
8604,0.9913
8605,0.9934
8606,0.9839
8607,0.6736
8608,0.9806
8609,0.9904
8610,0.9974
8611,0.3980
8612,0.8086
8613,0.9268
8614,0.9671
8615,0.9879
8616,0.3474
8617,0.3245
8618,0.9140
8619,0.9775
8620,0.9909
8621,0.9876
8622,0.6237
8623,0.4888
8624,0.7412
8625,0.3532
8626,0.9942
8627,0.9534
8628,0.9382
8629,0.2642
8630,0.8791
8631,0.8604
8632,0.9848
8633,0.9839
8634,0.2870
8635,0.4609
8636,0.6687
8637,0.9118
8638,0.9999
8639,0.3557
8640,0.1753
8641,0.1853
8642,0.9997
8643,0.9835
8644,0.9744
8645,0.7813
8646,0.6209
8647,0.0441
8648,0.9812
8649,0.8422
8650,0.8935
8651,0.9968
8652,0.9715
8653,0.9786
8654,0.9622
8655,0.0506
8656,0.9793
8657,0.9992
8658,0.9948
8659,0.2209
8660,0.5266
8661,0.9286
8662,0.9611
8663,0.9832
8664,0.9881
8665,0.6043
8666,0.4181
8667,0.5512
8668,0.1062
8669,0.9943
8670,0.9826
8671,0.5538
8672,0.9455
8673,0.9880
8674,0.9715
8675,0.9594
8676,0.4941
8677,0.6845
8678,0.2920
8679,0.8829
8680,0.6839
8681,0.9887
8682,0.9838
8683,0.1434
8684,0.9420
8685,0.9768
8686,0.9056
8687,0.9270
8688,0.9819
8689,0.9514
8690,0.9935
8691,0.2804
8692,0.2027
8693,0.9929
8694,0.9581
8695,0.9846
8696,0.9964
8697,0.9495
8698,0.2116
8699,0.9953
8700,0.2234
8701,0.5078
8702,0.9934
8703,0.9987
8704,0.7592
8705,0.7920
8706,0.9758
8707,0.4192
8708,0.5339
8709,0.1792
8710,0.4020
8711,0.9521
8712,0.9604
8713,0.1800
8714,0.5660
8715,0.7903
8716,0.9679
8717,0.9798
8718,0.9943
8719,0.9677
8720,0.9431
8721,0.0768
8722,0.9946
8723,0.9791
8724,0.9813
8725,0.2330
8726,0.3497
8727,0.3186
8728,0.9968
8729,0.4244
8730,0.8997
8731,0.6611
8732,0.0820
8733,0.2390
8734,0.7448
8735,0.9630
8736,0.9893
8737,0.5723
8738,0.9726
8739,0.9929
8740,0.9930
8741,0.9965
8742,0.7985
8743,0.5739
8744,0.9742
8745,0.8767
8746,0.3105
8747,0.3278
8748,0.9390
8749,0.1172
8750,0.9036
8751,0.1218
8752,0.9912
8753,0.7124
8754,0.5524
8755,0.9934
8756,0.9862
8757,0.3312
8758,0.1953
8759,0.5452
8760,0.8786
8761,0.3832
8762,0.9553
8763,0.6815
8764,0.9858
8765,0.6956
8766,0.0832
8767,0.5622
8768,0.9865
8769,0.9935
8770,0.9890
8771,0.5740
8772,0.9822
8773,0.8439
8774,0.9876
8775,0.9065
8776,0.1967
8777,0.9831
8778,0.9905
8779,0.9971
8780,0.1275
8781,0.9825
8782,0.8846
8783,0.9856
8784,0.8144
8785,0.9911
8786,0.9735
8787,0.9763
8788,0.9745
8789,0.7113
8790,0.3080
8791,0.9904
8792,0.9661
8793,0.9937
8794,0.9724
8795,0.9350
8796,0.9991
8797,0.3413
8798,0.9845
8799,0.9921
8800,0.9920
8801,0.1779
8802,0.6570
8803,0.9185
8804,0.0640
8805,0.9650
8806,0.9931
8807,0.6795
8808,0.4091
8809,0.9702
8810,0.9759
8811,0.6801
8812,0.9310
8813,0.9220
8814,0.9624
8815,0.9938
8816,0.8143
8817,0.9993
8818,0.9904
8819,0.9909
8820,0.9868
8821,0.9114
8822,0.1444
8823,0.6510
8824,0.4359
8825,0.3812
8826,0.3731
8827,0.4527
8828,0.9485
8829,0.8226
8830,0.9715
8831,0.9519
8832,0.9826
8833,0.5169
8834,0.6507
8835,0.9925
8836,0.0959
8837,0.7476
8838,0.9805
8839,0.9926
8840,0.2851
8841,0.9986
8842,0.9913
8843,0.9775
8844,0.8108
8845,0.9983
8846,0.6153
8847,0.2239
8848,0.3846
8849,0.9871
8850,0.9967
8851,0.4143
8852,0.9962
8853,0.3976
8854,0.9724
8855,0.9263
8856,0.1362
8857,0.9962
8858,0.6585
8859,0.0798
8860,0.9922
8861,0.9103
8862,0.3008
8863,0.9488
8864,0.9421
8865,0.9685
8866,0.9677
8867,0.9985
8868,0.2129
8869,0.8610
8870,0.9860
8871,0.4240
8872,0.9910
8873,0.0371
8874,0.9912
8875,0.9965
8876,0.9828
8877,0.9820
8878,0.8360
8879,0.9863
8880,0.9629
8881,0.6423
8882,0.4789
8883,0.9549
8884,0.8035
8885,0.9700
8886,0.9989
8887,0.9806
8888,0.9417
8889,0.9291
8890,0.9552
8891,0.0184
8892,0.9996
8893,0.5675
8894,0.9732
8895,0.9780
8896,0.9934
8897,0.1408
8898,0.6467
8899,0.8843
8900,0.9770
8901,0.1643
8902,0.1681
8903,0.9736
8904,0.5007
8905,0.6342
8906,0.1161
8907,0.9320
8908,0.7025
8909,0.9956
8910,0.4380
8911,0.3731
8912,0.9824
8913,0.4164
8914,0.6719
8915,0.6836
8916,0.9714
8917,0.9980
8918,0.9812
8919,0.0415
8920,0.6087
8921,0.4542
8922,0.7174
8923,0.0532
8924,0.9839
8925,0.8539
8926,0.2129
8927,0.9753
8928,0.8379
8929,0.2625
8930,0.9508
8931,0.8234
8932,0.2243
8933,0.1800
8934,0.9131
8935,0.9863
8936,0.9029
8937,0.9986
8938,0.9968
8939,0.9660
8940,0.9846
8941,0.9707
8942,0.4594
8943,0.9904
8944,0.9782
8945,0.6504
8946,0.7389
8947,0.9770
8948,0.9966
8949,0.6423
8950,0.9833
8951,0.9794
8952,0.0353
8953,0.9941
8954,0.9677
8955,0.9977
8956,0.4010
8957,0.4753
8958,0.6317
8959,0.2726
8960,0.2433
8961,0.3809
8962,0.9978
8963,0.7871
8964,0.9868
8965,0.9779
8966,0.9840
8967,0.4918
8968,0.9419
8969,0.9987
8970,0.0590
8971,0.9701
8972,0.9453
8973,0.9959
8974,0.9976
8975,0.0071
8976,0.7578
8977,0.9920
8978,0.5664
8979,0.0444
8980,0.9955
8981,0.3299
8982,0.9994
8983,0.9875
8984,0.3902
8985,0.9458
8986,0.8723
8987,0.9886
8988,0.8617
8989,0.8175
8990,0.0056
8991,0.9854
8992,0.6628
8993,0.4360
8994,0.9878
8995,0.9902
8996,0.5232
8997,0.2732
8998,0.9508
8999,0.1637
9000,0.9873
9001,0.0094
9002,0.9682
9003,0.9852
9004,0.9946
9005,0.9867
9006,0.9980
9007,0.7112
9008,0.9744
9009,0.9762
9010,0.8476
9011,0.9110
9012,0.7161
9013,0.9745
9014,0.9855
9015,0.9425
9016,0.8921
9017,0.9892
9018,0.2675
9019,0.9893
9020,0.9959
9021,0.7023
9022,0.9973
9023,0.9823
9024,0.9766
9025,0.2408
9026,0.4733
9027,0.9928
9028,0.9821
9029,0.9525
9030,0.9967
9031,0.9959
9032,0.1380
9033,0.4727
9034,0.0789
9035,0.8390
9036,0.4049
9037,0.9914
9038,0.9940
9039,0.9974
9040,0.9626
9041,0.9755
9042,0.1339
9043,0.9911
9044,0.9625
9045,0.9854
9046,0.5857
9047,0.9924
9048,0.9626
9049,0.9948
9050,0.9495
9051,0.9929
9052,0.5152
9053,0.3103
9054,0.9443
9055,0.8964
9056,0.0585
9057,0.9954
9058,0.2471
9059,0.6459
9060,0.5167
9061,0.6108
9062,0.6931
9063,0.9993
9064,0.9879
9065,0.8282
9066,0.6747
9067,0.7818
9068,0.1926
9069,0.3416
9070,0.0752
9071,0.5815
9072,0.4642
9073,0.1889
9074,0.7228
9075,0.9544
9076,0.9822
9077,0.5567
9078,0.1541
9079,0.4033
9080,0.7295
9081,0.9495
9082,0.3688
9083,0.3087
9084,0.9458
9085,0.9922
9086,0.2739
9087,0.9901
9088,0.9861
9089,0.9964
9090,0.9602
9091,0.9945
9092,0.4116
9093,0.3367
9094,0.4873
9095,0.2115
9096,0.9963
9097,0.9981
9098,0.9977
9099,0.9641
9100,0.4876
9101,0.5141
9102,0.9942
9103,0.9753
9104,0.3947
9105,0.8756
9106,0.6295
9107,0.9979
9108,0.5889
9109,0.9200
9110,0.9928
9111,0.7387
9112,0.8575
9113,0.3078
9114,0.4484
9115,0.9987
9116,0.9983
9117,0.5586
9118,0.9890
9119,0.3021
9120,0.6785
9121,0.9992
9122,0.9980
9123,0.8922
9124,0.9911
9125,0.9626
9126,0.9886
9127,0.9800
9128,0.9232
9129,0.1772
9130,0.8267
9131,0.9630
9132,0.9986
9133,0.9902
9134,0.2627
9135,0.9955
9136,0.9926
9137,0.9968
9138,0.5385
9139,0.8365
9140,0.1090
9141,0.9075
9142,0.9976
9143,0.9966
9144,0.3198
9145,0.6341
9146,0.9893
9147,0.9703
9148,0.4866
9149,0.3507
9150,0.7986
9151,0.7492
9152,0.9957
9153,0.9609
9154,0.9992
9155,0.9750
9156,0.4777
9157,0.9756
9158,0.0910
9159,0.4863
9160,0.9986
9161,0.9693
9162,0.4366
9163,0.9839
9164,0.9661
9165,0.4163
9166,0.6812
9167,0.9921
9168,0.9719
9169,0.9983
9170,0.4439
9171,0.4069
9172,0.9597
9173,0.1748
9174,0.9898
9175,0.9896
9176,0.6602
9177,0.9947
9178,0.9913
9179,0.6404
9180,0.2853
9181,0.9994
9182,0.5520
9183,0.9875
9184,0.5155
9185,0.9679
9186,0.9984
9187,0.2432
9188,0.9988
9189,0.1913
9190,0.4103
9191,0.9677
9192,0.7176
9193,0.4656
9194,0.8448
9195,0.4082
9196,0.4025
9197,0.6749
9198,0.9993
9199,0.5675
9200,0.9195
9201,0.3773
9202,0.4216
9203,0.9742
9204,0.9351
9205,0.9867
9206,0.4387
9207,0.9890
9208,0.9839
9209,0.9933
9210,0.1323
9211,0.9956
9212,0.2349
9213,0.9307
9214,0.4326
9215,0.1334
9216,0.1032
9217,0.9065
9218,0.9870
9219,0.9984
9220,0.9773
9221,0.8756
9222,0.9920
9223,0.7359
9224,0.9996
9225,0.0873
9226,0.2606
9227,0.9746
9228,0.9615
9229,0.9955
9230,0.9516
9231,0.7872
9232,0.4368
9233,0.9945
9234,0.8793
9235,0.9968
9236,0.4095
9237,0.0346
9238,0.8099
9239,0.9731
9240,0.9918
9241,0.3366
9242,0.7390
9243,0.1367
9244,0.7882
9245,0.9734
9246,0.9617
9247,0.9790
9248,0.9902
9249,0.1941
9250,0.7415
9251,0.9770
9252,0.3787
9253,0.9712
9254,0.9401
9255,0.9914
9256,0.8240
9257,0.9976
9258,0.9857
9259,0.3633
9260,0.9616
9261,0.5061
9262,0.9839
9263,0.9992
9264,0.5936
9265,0.7615
9266,0.0698
9267,0.2024
9268,0.9726
9269,0.7033
9270,0.3606
9271,0.9842
9272,0.9884
9273,0.0611
9274,0.2492
9275,0.3551
9276,0.8801
9277,0.9979
9278,0.5534
9279,0.6356
9280,0.2309
9281,0.3402
9282,0.9971
9283,0.9990
9284,0.9862
9285,0.9974
9286,0.5550
9287,0.7519
9288,0.5291
9289,0.2713
9290,0.6765
9291,0.9961
9292,0.9692
9293,0.5799
9294,0.3438
9295,0.9992
9296,0.9975
9297,0.9813
9298,0.0790
9299,0.9409
9300,0.3363
9301,0.9894
9302,0.7287
9303,0.5435
9304,0.7913
9305,0.9608
9306,0.9673
9307,0.9870
9308,0.2735
9309,0.9269
9310,0.9824
9311,0.9958
9312,0.5921
9313,0.6965
9314,0.4012
9315,0.9977
9316,0.7908
9317,0.1252
9318,0.9637
9319,0.8728
9320,0.5169
9321,0.1120
9322,0.9166
9323,0.4383
9324,0.7853
9325,0.3359
9326,0.8403
9327,0.4569
9328,0.9887
9329,0.9964
9330,0.9996
9331,0.4245
9332,0.9421
9333,0.9460
9334,0.5039
9335,0.2820
9336,0.5572
9337,0.9966
9338,0.6711
9339,0.7843
9340,0.0373
9341,0.0391
9342,0.8323
9343,0.0325
9344,0.3228
9345,0.9693
9346,0.7974
9347,0.9737
9348,0.9295
9349,0.9929
9350,0.1070
9351,0.7728
9352,0.5980
9353,0.3404
9354,0.5472
9355,0.2506
9356,0.3016
9357,0.0999
9358,0.1756
9359,0.9968
9360,0.9322
9361,0.9993
9362,0.0360
9363,0.5001
9364,0.3636
9365,0.9236
9366,0.4775
9367,0.3111
9368,0.9574
9369,0.9450
9370,0.7157
9371,0.6729
9372,0.9959
9373,0.9867
9374,0.4141
9375,0.8582
9376,0.5061
9377,0.7163
9378,0.0671
9379,0.3457
9380,0.4200
9381,0.5400
9382,0.1654
9383,0.9927
9384,0.9654
9385,0.8058
9386,0.9620
9387,0.9949
9388,0.7844
9389,0.9256
9390,0.0323
9391,0.1876
9392,0.9085
9393,0.9823
9394,0.9722
9395,0.9663
9396,0.9876
9397,0.6229
9398,0.9504
9399,0.5609
9400,0.4361
9401,0.6719
9402,0.8561
9403,0.6790
9404,0.2728
9405,0.9992
9406,0.3442
9407,0.5811
9408,0.9977
9409,0.8264
9410,0.8931
9411,0.7055
9412,0.5075
9413,0.3854
9414,0.8100
9415,0.9578
9416,0.6810
9417,0.9370
9418,0.9705
9419,0.9773
9420,0.9690
9421,0.4632
9422,0.9486
9423,0.8833
9424,0.9168
9425,0.2662
9426,0.9850
9427,0.5585
9428,0.9786
9429,0.4324
9430,0.7187
9431,0.9924
9432,0.9878
9433,0.0253
9434,0.9815
9435,0.9808
9436,0.8827
9437,0.9998
9438,0.8563
9439,0.5204
9440,0.0684
9441,0.1757
9442,0.5759
9443,0.5232
9444,0.5028
9445,0.2813
9446,0.9445
9447,0.9519
9448,0.9482
9449,0.9900
9450,0.9935
9451,0.6279
9452,0.7933
9453,0.3758
9454,0.3498
9455,0.9437
9456,0.7317
9457,0.9922
9458,0.1200
9459,0.9839
9460,0.9994
9461,0.9507
9462,0.3083
9463,0.9976
9464,0.9969
9465,0.5296
9466,0.9934
9467,0.9946
9468,0.9225
9469,0.6566
9470,0.3648
9471,0.9830
9472,0.3246
9473,0.1579
9474,0.9519
9475,0.9977
9476,0.4161
9477,0.9972
9478,0.9956
9479,0.2201
9480,0.3119
9481,0.7735
9482,0.8432
9483,0.9821
9484,0.9990
9485,0.3935
9486,0.6555
9487,0.9845
9488,0.9825
9489,0.9758
9490,0.6204
9491,0.7401
9492,0.9838
9493,0.9903
9494,0.5156
9495,0.9697
9496,0.9692
9497,0.8963
9498,0.7740
9499,0.9991
9500,0.5686
9501,0.9949
9502,0.0830
9503,0.9955
9504,0.9707
9505,0.9234
9506,0.9914
9507,0.7251
9508,0.6146
9509,0.6209
9510,0.9595
9511,0.9873
9512,0.9766
9513,0.1787
9514,0.7350
9515,0.5750
9516,0.3303
9517,0.4703
9518,0.5900
9519,0.6121
9520,0.0302
9521,0.5277
9522,0.9909
9523,0.9945
9524,0.9699
9525,0.0429
9526,0.6767
9527,0.9853
9528,0.9914
9529,0.9940
9530,0.3159
9531,0.9729
9532,0.9861
9533,0.8029
9534,0.9728
9535,0.9974
9536,0.5570
9537,0.9340
9538,0.9825
9539,0.9436
9540,0.9816
9541,0.9695
9542,0.7595
9543,0.4036
9544,0.9647
9545,0.2881
9546,0.7469
9547,0.5137
9548,0.9938
9549,0.9808
9550,0.3085
9551,0.1199
9552,0.9993
9553,0.6682
9554,0.9535
9555,0.9981
9556,0.9533
9557,0.9571
9558,0.9786
9559,0.1388
9560,0.9985
9561,0.0978
9562,0.9849
9563,0.1681
9564,0.2550
9565,0.6755
9566,0.3092
9567,0.5545
9568,0.5060
9569,0.9812
9570,0.3556
9571,0.9979
9572,0.9984
9573,0.9677
9574,0.5206
9575,0.0996
9576,0.9934
9577,0.2140
9578,0.9889
9579,0.8367
9580,0.0704
9581,0.0458
9582,0.9765
9583,0.3931
9584,0.5036
9585,0.9983
9586,0.9966
9587,0.4038
9588,0.9868
9589,0.9939
9590,0.5657
9591,0.9676
9592,0.6085
9593,0.9909
9594,0.9474
9595,0.9953
9596,0.9434
9597,0.9707
9598,0.9894
9599,0.4335
9600,0.9930
9601,0.9830
9602,0.4800
9603,0.7087
9604,0.3654
9605,0.9989
9606,0.9966
9607,0.3048
9608,0.9766
9609,0.9969
9610,0.0836
9611,0.7471
9612,0.9922
9613,0.9990
9614,0.9980
9615,0.5466
9616,0.4857
9617,0.5168
9618,0.9906
9619,0.3954
9620,0.7587
9621,0.9957
9622,0.7859
9623,0.6141
9624,0.8231
9625,0.9086
9626,0.9903
9627,0.4978
9628,0.9359
9629,0.9786
9630,0.9549
9631,0.3063
9632,0.9943
9633,0.3585
9634,0.0663
9635,0.9728
9636,0.9961
9637,0.9723
9638,0.9966
9639,0.8485
9640,0.6397
9641,0.7397
9642,0.1079
9643,0.6673
9644,0.9541
9645,0.9979
9646,0.5268
9647,0.9962
9648,0.5206
9649,0.9813
9650,0.9540
9651,0.8455
9652,0.0773
9653,0.7295
9654,0.9837
9655,0.9990
9656,0.9743
9657,0.9438
9658,0.9382
9659,0.8679
9660,0.5835
9661,0.5857
9662,0.9597
9663,0.1565
9664,0.3255
9665,0.9852
9666,0.9837
9667,0.9934
9668,0.9525
9669,0.4200
9670,0.9163
9671,0.6818
9672,0.8401
9673,0.5166
9674,0.9663
9675,0.9617
9676,0.9765
9677,0.9998
9678,0.9869
9679,0.6537
9680,0.9637
9681,0.9903
9682,0.9979
9683,0.8060
9684,0.9875
9685,0.4229
9686,0.7463
9687,0.5285
9688,0.8970
9689,0.0726
9690,0.9054
9691,0.1373
9692,0.7675
9693,0.6044
9694,0.2226
9695,0.9918
9696,0.1743
9697,0.1059
9698,0.9972
9699,0.0754
9700,0.9974
9701,0.1590
9702,0.1971
9703,0.5437
9704,0.9952
9705,0.9899
9706,0.2564
9707,0.0852
9708,0.8596
9709,0.9629
9710,0.9780
9711,0.9923
9712,0.9537
9713,0.9491
9714,0.9996
9715,0.9927
9716,0.9876
9717,0.4709
9718,0.7908
9719,0.9954
9720,0.9976
9721,0.9985
9722,0.3442
9723,0.9933
9724,0.9753
9725,0.9972
9726,0.7212
9727,0.9910
9728,0.4177
9729,0.9237
9730,0.9722
9731,0.9762
9732,0.9903
9733,0.9975
9734,0.9962
9735,0.3556
9736,0.9185
9737,0.0619
9738,0.9707
9739,0.8746
9740,0.8976
9741,0.7935
9742,0.9904
9743,0.9911
9744,0.9980
9745,0.2778
9746,0.9194
9747,0.6967
9748,0.4809
9749,0.5912
9750,0.3667
9751,0.9973
9752,0.1641
9753,0.0759
9754,0.9966
9755,0.0575
9756,0.5240
9757,0.0750
9758,0.9891
9759,0.9917
9760,0.5051
9761,0.9930
9762,0.9901
9763,0.9882
9764,0.9981
9765,0.8227
9766,0.9967
9767,0.9779
9768,0.9822
9769,0.1683
9770,0.6689
9771,0.9964
9772,0.9669
9773,0.9985
9774,0.9952
9775,0.7340
9776,0.4430
9777,0.7185
9778,0.7117
9779,0.9956
9780,0.4002
9781,0.9943
9782,0.9892
9783,0.9524
9784,0.9932
9785,0.2267
9786,0.9947
9787,0.9793
9788,0.9983
9789,0.9845
9790,0.4296
9791,0.9457
9792,0.9697
9793,0.5967
9794,0.9788
9795,0.4380
9796,0.4618
9797,0.9884
9798,0.9287
9799,0.5095
9800,0.9987
9801,0.9673
9802,0.1319
9803,0.2308
9804,0.9822
9805,0.8483
9806,0.9994
9807,0.9765
9808,0.9150
9809,0.3540
9810,0.9623
9811,0.9976
9812,0.9939
9813,0.8698
9814,0.7198
9815,0.1918
9816,0.3703
9817,0.7889
9818,0.9880
9819,0.3616
9820,0.2071
9821,0.1143
9822,0.9909
9823,0.3352
9824,0.6838
9825,0.9218
9826,0.9886
9827,0.2398
9828,0.9707
9829,0.2424
9830,0.7416
9831,0.9412
9832,0.5376
9833,0.9669
9834,0.0879
9835,0.9003
9836,0.4220
9837,0.6696
9838,0.6931
9839,0.0942
9840,0.2315
9841,0.9908
9842,0.2532
9843,0.9830
9844,0.6132
9845,0.9993
9846,0.0640
9847,0.0659
9848,0.6227
9849,0.2279
9850,0.7790
9851,0.1916
9852,0.8162
9853,0.9558
9854,0.7436
9855,0.9853
9856,0.9980
9857,0.9824
9858,0.6194
9859,0.9947
9860,0.3484
9861,0.9951
9862,0.9834
9863,0.5706
9864,0.9744
9865,0.9711
9866,0.9978
9867,0.4570
9868,0.9998
9869,0.9976
9870,0.2258
9871,0.8226
9872,0.3352
9873,0.9908
9874,0.6584
9875,0.9968
9876,0.7780
9877,0.9637
9878,0.9919
9879,0.1916
9880,0.7616
9881,0.9652
9882,0.9840
9883,0.6428
9884,0.9918
9885,0.9993
9886,0.9932
9887,0.2437
9888,0.9956
9889,0.9820
9890,0.9969
9891,0.3867
9892,0.9774
9893,0.7423
9894,0.9975
9895,0.0654
9896,0.5293
9897,0.9731
9898,0.8890
9899,0.7527
9900,0.3348
9901,0.9638
9902,0.4083
9903,0.3041
9904,0.9948
9905,0.9811
9906,0.7541
9907,0.9301
9908,0.6120
9909,0.3376
9910,0.2814
9911,0.9429
9912,0.8553
9913,0.9595
9914,0.9436
9915,0.6385
9916,0.2261
9917,0.9484
9918,0.3232
9919,0.0916
9920,0.7117
9921,0.9927
9922,0.9743
9923,0.9798
9924,0.2142
9925,0.9963
9926,0.9088
9927,0.8051
9928,0.1036
9929,0.9859
9930,0.7520
9931,0.1514
9932,0.9815
9933,0.7255
9934,0.8611
9935,0.9767
9936,0.9984
9937,0.9951
9938,0.7480
9939,0.7863
9940,0.9551
9941,0.7809
9942,0.8883
9943,0.0860
9944,0.9852
9945,0.9898
9946,0.9405
9947,0.9814
9948,0.0223
9949,0.8785
9950,0.4897
9951,0.4599
9952,0.3466
9953,0.9995
9954,0.1248
9955,0.9832
9956,0.9836
9957,0.8677
9958,0.7173
9959,0.9971
9960,0.4981
9961,0.9282
9962,0.3436
9963,0.7300
9964,0.9864
9965,0.7719
9966,0.6113
9967,0.8761
9968,0.9806
9969,0.9820
9970,0.5300
9971,0.1254
9972,0.9478
9973,0.0938
9974,0.9932
9975,0.9559
9976,0.5952
9977,0.9790
9978,0.8424
9979,0.2334
9980,0.9737
9981,0.9300
9982,0.9688
9983,0.3355
9984,0.1619
9985,0.9938
9986,0.3052
9987,0.3555
9988,0.5704
9989,0.9721
9990,0.1247
9991,0.9046
9992,0.1662
9993,0.6681
9994,0.1491
9995,0.8883
9996,0.0592
9997,0.3762
9998,0.5477
9999,0.9949
10000,0.9903
10001,0.4246
10002,0.9459
10003,0.5312
10004,0.7437
10005,0.9080
10006,0.0752
10007,0.1546
10008,0.3797
10009,0.8005
10010,0.3225
10011,0.4762
10012,0.9927
10013,0.9403
10014,0.6756
10015,0.9630
10016,0.1838
10017,0.9982
10018,0.0645
10019,0.9599
10020,0.9713
10021,0.9934
10022,0.9887
10023,0.9935
10024,0.7933
10025,0.0828
10026,0.9687
10027,0.2774
10028,0.6293
10029,0.2317
10030,0.9684
10031,0.9661
10032,0.9695
10033,0.7391
10034,0.5131
10035,0.1781
10036,0.5702
10037,0.4709
10038,0.7807
10039,0.9693
10040,0.9817
10041,0.9899
10042,0.1215
10043,0.9999
10044,0.9121
10045,0.4902
10046,0.9755
10047,0.1324
10048,0.1110
10049,0.3212
10050,0.5086
10051,0.9956
10052,0.3298
10053,0.4669
10054,0.9866
10055,0.2523
10056,0.9810
10057,0.9738
10058,0.9877
10059,0.9877
10060,0.9972
10061,0.9103
10062,0.1939
10063,0.9929
10064,0.9870
10065,0.9962
10066,0.8987
10067,0.9713
10068,0.9921
10069,0.9952
10070,0.6240
10071,0.2802
10072,0.9984
10073,0.9271
10074,0.4998
10075,0.0177
10076,0.5996
10077,0.1168
10078,0.6228
10079,0.4886
10080,0.9995
10081,0.4695
10082,0.9910
10083,0.9829
10084,0.9978
10085,0.6890
10086,0.9957
10087,0.0699
10088,0.0582
10089,0.9248
10090,0.5103
10091,0.2130
10092,0.9986
10093,0.9961
10094,0.9988
10095,0.9019
10096,0.9963
10097,0.9898
10098,0.3960
10099,0.2695
10100,0.9851
10101,0.9860
10102,0.2651
10103,0.7806
10104,0.7033
10105,0.5756
10106,0.9603
10107,0.3066
10108,0.2404
10109,0.9272
10110,0.9193
10111,0.8084
10112,0.5618
10113,0.6657
10114,0.8480
10115,0.1350
10116,0.9948
10117,0.9834
10118,0.1527
10119,0.9956
10120,0.7701
10121,0.9810
10122,0.9922
10123,0.5620
10124,0.8705
10125,0.3078
10126,0.9591
10127,0.6321
10128,0.7556
10129,0.6122
10130,0.9531
10131,0.4573
10132,0.9809
10133,0.6601
10134,0.2749
10135,0.9826
10136,0.0785
10137,0.9987
10138,0.8911
10139,0.6563
10140,0.9959
10141,0.5084
10142,0.2266
10143,0.3609
10144,0.3411
10145,0.9960
10146,0.9963
10147,0.2003
10148,0.0887
10149,0.9908
10150,0.9901
10151,0.4699
10152,0.2301
10153,0.1963
10154,0.5348
10155,0.9847
10156,0.9700
10157,0.9981
10158,0.1835
10159,0.7551
10160,0.3339
10161,0.9971
10162,0.7189
10163,0.2714
10164,0.6464
10165,0.8406
10166,0.8999
10167,0.9437
10168,0.3949
10169,0.9874
10170,0.9179
10171,0.8942
10172,0.8676
10173,0.9877
10174,0.4850
10175,0.8623
10176,0.5584
10177,0.7762
10178,0.3436
10179,0.9945
10180,0.8130
10181,0.2917
10182,0.1230
10183,0.1869
10184,0.9864
10185,0.4413
10186,0.9948
10187,0.9906
10188,0.9794
10189,0.9607
10190,0.7518
10191,0.0801
10192,0.9509
10193,0.6645
10194,0.9823
10195,0.0551
10196,0.3564
10197,0.9852
10198,0.6737
10199,0.9990
10200,0.9944
10201,0.4837
10202,0.9649
10203,0.9834
10204,0.5738
10205,0.9965
10206,0.4210
10207,0.0822
10208,0.9963
10209,0.9863
10210,0.2222
10211,0.7651
10212,0.9984
10213,0.9854
10214,0.9909
10215,0.9928
10216,0.1416
10217,0.9923
10218,0.7202
10219,0.9965
10220,0.4669
10221,0.0268
10222,0.6791
10223,0.9860
10224,0.8296
10225,0.9893
10226,0.9906
10227,0.6136
10228,0.0395
10229,0.9729
10230,0.3074
10231,0.4148
10232,0.9750
10233,0.9997
10234,0.0588
10235,0.9905
10236,0.5997
10237,0.9897
10238,0.6761
10239,0.9967
10240,0.2425
10241,0.3254
10242,0.9845
10243,0.9750
10244,0.7469
10245,0.7264
